pH (eau);pH (eau)_Min;pH (eau)_Max;Carbone organique;Carbone organique_Min;Carbone organique_Max;ratio C/N;ratio C/N_Min;ratio C/N_Max;Azote total;Azote total_Min;Azote total_Max;Phosphore total;Phosphore total_Min;Phosphore total_Max;Bore (eau chaude);Bore (eau chaude)_Min;Bore (eau chaude)_Max;Capacité d'échange cationique;Capacité d'échange cationique_Min;Capacité d'échange cationique_Max
6,6;5,1;7;0,6;1,5;4,5;12,7;9,5;15,5;0,07;0,2;0,4;164;200;600;0,38;0,16;0,9;62,4;75;200
6,9;5,1;7;0,6;1,5;4,5;13,3;9,5;15,5;0,08;0,2;0,4;373;200;600;0,31;0,16;0,9;46,6;75;200
5,4;5,1;7;1;1,5;4,5;11,1;9,5;15,5;0,1;0,2;0,4;333;200;600;0,25;0,16;0,9;22,9;75;200
6,7;5,1;7;0,3;1,5;4,5;15,2;9,5;15,5;0,05;0,2;0,4;196;200;600;0,21;0,16;0,9;19,1;75;200
7,2;5,1;7;0,5;1,5;4,5;13,3;9,5;15,5;0,04;0,2;0,4;255;200;600;0,24;0,16;0,9;16;75;200
5,5;5,1;7;1,1;1,5;4,5;11,6;9,5;15,5;0,1;0,2;0,4;255;200;600;0,28;0,16;0,9;36,2;75;200
5,3;5,1;7;1,1;1,5;4,5;11,8;9,5;15,5;0,11;0,2;0,4;263;200;600;0,3;0,16;0,9;38,2;75;200
5,3;5,1;7;1,1;1,5;4,5;12,7;9,5;15,5;0,11;0,2;0,4;302;200;600;0,26;0,16;0,9;39,6;75;200
6,4;5,1;7;0,6;1,5;4,5;12,6;9,5;15,5;0,07;0,2;0,4;183;200;600;0,38;0,16;0,9;56,8;75;200
5,6;5,1;7;1;1,5;4,5;12,1;9,5;15,5;0,09;0,2;0,4;73;200;600;0,29;0,16;0,9;13;75;200
7,1;5,1;7;0,4;1,5;4,5;14,6;9,5;15,5;0,04;0,2;0,4;245;200;600;0,25;0,16;0,9;12,3;75;200
5,7;5,1;7;1,8;1,5;4,5;10,8;9,5;15,5;0,17;0,2;0,4;309;200;600;0,34;0,16;0,9;80,6;75;200
6,6;5,1;7;0,7;1,5;4,5;12,9;9,5;15,5;0,07;0,2;0,4;348;200;600;0,31;0,16;0,9;47,4;75;200
5,1;5,1;7;1,1;1,5;4,5;11,7;9,5;15,5;0,11;0,2;0,4;183;200;600;0,43;0,16;0,9;40,4;75;200
5,3;5,1;7;1;1,5;4,5;11,6;9,5;15,5;0,09;0,2;0,4;284;200;600;0,29;0,16;0,9;28,8;75;200
7;5,1;7;0,6;1,5;4,5;11,7;9,5;15,5;0,06;0,2;0,4;180;200;600;0,34;0,16;0,9;58,6;75;200
6,9;5,1;7;0,7;1,5;4,5;14,1;9,5;15,5;0,06;0,2;0,4;372;200;600;0,37;0,16;0,9;28,1;75;200
6,3;5,1;7;0,6;1,5;4,5;10,8;9,5;15,5;0,05;0,2;0,4;135;200;600;0,21;0,16;0,9;18;75;200
5,1;5,1;7;1,2;1,5;4,5;11,1;9,5;15,5;0,13;0,2;0,4;215;200;600;0,42;0,16;0,9;45,9;75;200
5,8;5,1;7;0,8;1,5;4,5;14,5;9,5;15,5;0,07;0,2;0,4;164;200;600;0,28;0,16;0,9;13,5;75;200
5,6;5,1;7;0,9;1,5;4,5;12,1;9,5;15,5;0,08;0,2;0,4;107;200;600;0,29;0,16;0,9;20,5;75;200
5,5;5,1;7;1,2;1,5;4,5;12;9,5;15,5;0,1;0,2;0,4;165;200;600;0,34;0,16;0,9;46,9;75;200
7,2;5,1;7;0,5;1,5;4,5;14,4;9,5;15,5;0,04;0,2;0,4;252;200;600;0,23;0,16;0,9;11,2;75;200
5,3;5,1;7;2,1;1,5;4,5;13,1;9,5;15,5;0,19;0,2;0,4;190;200;600;0,14;0,16;0,9;57,6;75;200
5,3;5,1;7;1,2;1,5;4,5;13;9,5;15,5;0,09;0,2;0,4;167;200;600;0,34;0,16;0,9;45,2;75;200
6,3;5,1;7;0,8;1,5;4,5;13,4;9,5;15,5;0,08;0,2;0,4;80;200;600;0,34;0,16;0,9;20,4;75;200
5,4;5,1;7;0,9;1,5;4,5;11,6;9,5;15,5;0,1;0,2;0,4;279;200;600;0,18;0,16;0,9;14,3;75;200
6;5,1;7;1,4;1,5;4,5;10,7;9,5;15,5;0,14;0,2;0,4;187;200;600;0,38;0,16;0,9;41,9;75;200
7;5,1;7;1,8;1,5;4,5;10,6;9,5;15,5;0,16;0,2;0,4;302;200;600;0,49;0,16;0,9;85,9;75;200
6,7;5,1;7;1,2;1,5;4,5;9,8;9,5;15,5;0,12;0,2;0,4;172;200;600;0,42;0,16;0,9;63,9;75;200
6,8;5,1;7;1,3;1,5;4,5;10,7;9,5;15,5;0,13;0,2;0,4;233;200;600;0,37;0,16;0,9;59,1;75;200
6,5;5,1;7;1,8;1,5;4,5;9,4;9,5;15,5;0,22;0,2;0,4;481;200;600;0,09;0,16;0,9;105,3;75;200
6,6;5,1;7;1,6;1,5;4,5;10,8;9,5;15,5;0,16;0,2;0,4;194;200;600;0,46;0,16;0,9;87;75;200
6,2;5,1;7;1;1,5;4,5;11;9,5;15,5;0,11;0,2;0,4;263;200;600;0,28;0,16;0,9;69,6;75;200
6,9;5,1;7;1,7;1,5;4,5;10,7;9,5;15,5;0,16;0,2;0,4;209;200;600;0,29;0,16;0,9;82,5;75;200
5,2;5,1;7;1,3;1,5;4,5;10,5;9,5;15,5;0,14;0,2;0,4;262;200;600;0,5;0,16;0,9;58,2;75;200
6,2;5,1;7;1,2;1,5;4,5;11;9,5;15,5;0,1;0,2;0,4;251;200;600;0,38;0,16;0,9;53,1;75;200
5,4;5,1;7;1,1;1,5;4,5;11,6;9,5;15,5;0,12;0,2;0,4;20;200;600;0,2;0,16;0,9;24;75;200
7,4;5,1;7;2,8;1,5;4,5;9,2;9,5;15,5;0,27;0,2;0,4;376;200;600;0,67;0,16;0,9;165,9;75;200
6,5;5,1;7;1,1;1,5;4,5;11;9,5;15,5;0,1;0,2;0,4;235;200;600;0,36;0,16;0,9;54,2;75;200
5,3;5,1;7;1,4;1,5;4,5;12,4;9,5;15,5;0,13;0,2;0,4;293;200;600;0,46;0,16;0,9;31,6;75;200
6,9;5,1;7;0,9;1,5;4,5;15,4;9,5;15,5;0,07;0,2;0,4;28;200;600;0,26;0,16;0,9;30,9;75;200
6,9;5,1;7;0,7;1,5;4,5;12,7;9,5;15,5;0,06;0,2;0,4;160;200;600;0,2;0,16;0,9;15,8;75;200
6,3;5,1;7;0,6;1,5;4,5;14,7;9,5;15,5;0,07;0,2;0,4;64;200;600;0,25;0,16;0,9;23,8;75;200
6,6;5,1;7;1,9;1,5;4,5;11,3;9,5;15,5;0,17;0,2;0,4;181;200;600;0,36;0,16;0,9;84,7;75;200
7,4;5,1;7;1,3;1,5;4,5;10,8;9,5;15,5;0,1;0,2;0,4;237;200;600;0,35;0,16;0,9;81,8;75;200
5,3;5,1;7;1,1;1,5;4,5;12,4;9,5;15,5;0,11;0,2;0,4;186;200;600;0,11;0,16;0,9;41,4;75;200
6,1;5,1;7;1,1;1,5;4,5;8,1;9,5;15,5;0,13;0,2;0,4;301;200;600;0,56;0,16;0,9;74;75;200
6,5;5,1;7;1,1;1,5;4,5;11,5;9,5;15,5;0,1;0,2;0,4;226;200;600;0,41;0,16;0,9;67,5;75;200
7,2;5,1;7;2;1,5;4,5;9,2;9,5;15,5;0,18;0,2;0,4;267;200;600;0,56;0,16;0,9;111,2;75;200
5,8;5,1;7;1,7;1,5;4,5;9,8;9,5;15,5;0,14;0,2;0,4;245;200;600;0,54;0,16;0,9;68,4;75;200
6,4;5,1;7;1,2;1,5;4,5;11,2;9,5;15,5;0,11;0,2;0,4;235;200;600;0,5;0,16;0,9;83,7;75;200
6,6;5,1;7;1,3;1,5;4,5;11;9,5;15,5;0,13;0,2;0,4;302;200;600;0,46;0,16;0,9;71,1;75;200
6,8;5,1;7;2,6;1,5;4,5;8,8;9,5;15,5;0,25;0,2;0,4;224;200;600;0,44;0,16;0,9;122,1;75;200
5,9;5,1;7;1,5;1,5;4,5;10,1;9,5;15,5;0,17;0,2;0,4;274;200;600;0,26;0,16;0,9;59,4;75;200
6;5,1;7;1,3;1,5;4,5;11,8;9,5;15,5;0,13;0,2;0,4;258;200;600;0,59;0,16;0,9;74,4;75;200
6,9;5,1;7;1,2;1,5;4,5;10,4;9,5;15,5;0,12;0,2;0,4;470;200;600;0,26;0,16;0,9;79,4;75;200
6,3;5,1;7;1;1,5;4,5;15,8;9,5;15,5;0,09;0,2;0,4;346;200;600;0,36;0,16;0,9;27;75;200
6,4;5,1;7;0,7;1,5;4,5;13,8;9,5;15,5;0,08;0,2;0,4;136;200;600;0,14;0,16;0,9;18,6;75;200
6;5,1;7;0,5;1,5;4,5;13,7;9,5;15,5;0,04;0,2;0,4;10;200;600;0,08;0,16;0,9;10,1;75;200
6;5,1;7;1,1;1,5;4,5;12,1;9,5;15,5;0,1;0,2;0,4;289;200;600;0,41;0,16;0,9;89;75;200
6,4;5,1;7;0,7;1,5;4,5;12,7;9,5;15,5;0,08;0,2;0,4;10;200;600;0,08;0,16;0,9;27,2;75;200
6,1;5,1;7;0,9;1,5;4,5;11,5;9,5;15,5;0,09;0,2;0,4;185;200;600;0,18;0,16;0,9;29,3;75;200
5,9;5,1;7;1;1,5;4,5;13,9;9,5;15,5;0,11;0,2;0,4;312;200;600;0,53;0,16;0,9;54,6;75;200
6,1;5,1;7;1,6;1,5;4,5;10,1;9,5;15,5;0,15;0,2;0,4;235;200;600;0,42;0,16;0,9;102,6;75;200
6,5;5,1;7;0,6;1,5;4,5;16,6;9,5;15,5;0,04;0,2;0,4;158;200;600;0,04;0,16;0,9;25,9;75;200
6,5;5,1;7;0,8;1,5;4,5;12,4;9,5;15,5;0,07;0,2;0,4;152;200;600;0,07;0,16;0,9;35;75;200
5,8;5,1;7;1,1;1,5;4,5;10,8;9,5;15,5;0,1;0,2;0,4;303;200;600;0,4;0,16;0,9;43,3;75;200
5,9;5,1;7;1;1,5;4,5;12,1;9,5;15,5;0,1;0,2;0,4;103;200;600;0,13;0,16;0,9;34,3;75;200
6,5;5,1;7;0,6;1,5;4,5;13,8;9,5;15,5;0,05;0,2;0,4;59;200;600;0,11;0,16;0,9;25,8;75;200
5,8;5,1;7;0,9;1,5;4,5;10,9;9,5;15,5;0,09;0,2;0,4;114;200;600;0,06;0,16;0,9;37,9;75;200
7,2;5,1;7;1,2;1,5;4,5;11,5;9,5;15,5;0,11;0,2;0,4;227;200;600;0,26;0,16;0,9;65,4;75;200
5,9;5,1;7;0,5;1,5;4,5;14,5;9,5;15,5;0,05;0,2;0,4;264;200;600;0,09;0,16;0,9;25,2;75;200
6,1;5,1;7;1,1;1,5;4,5;11,3;9,5;15,5;0,12;0,2;0,4;335;200;600;0,42;0,16;0,9;87,8;75;200
5,7;5,1;7;1,1;1,5;4,5;11,7;9,5;15,5;0,11;0,2;0,4;227;200;600;0,47;0,16;0,9;33,7;75;200
6,6;5,1;7;1,2;1,5;4,5;14,2;9,5;15,5;0,11;0,2;0,4;239;200;600;0,17;0,16;0,9;54,3;75;200
6,1;5,1;7;0,6;1,5;4,5;12,5;9,5;15,5;0,06;0,2;0,4;104;200;600;0,08;0,16;0,9;30,6;75;200
5,9;5,1;7;0,9;1,5;4,5;11,4;9,5;15,5;0,11;0,2;0,4;262;200;600;0,1;0,16;0,9;43,6;75;200
5,7;5,1;7;1,5;1,5;4,5;15,5;9,5;15,5;0,13;0,2;0,4;191;200;600;0,09;0,16;0,9;21,3;75;200
6;5,1;7;0,8;1,5;4,5;13,9;9,5;15,5;0,08;0,2;0,4;118;200;600;0,18;0,16;0,9;54,7;75;200
5,7;5,1;7;1,2;1,5;4,5;13;9,5;15,5;0,12;0,2;0,4;236;200;600;0,37;0,16;0,9;62;75;200
6,2;5,1;7;0,8;1,5;4,5;13,8;9,5;15,5;0,08;0,2;0,4;431;200;600;0,41;0,16;0,9;26,9;75;200
6,1;5,1;7;1;1,5;4,5;14,4;9,5;15,5;0,1;0,2;0,4;301;200;600;0,36;0,16;0,9;57,7;75;200
6,5;5,1;7;0,6;1,5;4,5;14,9;9,5;15,5;0,06;0,2;0,4;156;200;600;0,36;0,16;0,9;51;75;200
6,3;5,1;7;0,7;1,5;4,5;13,2;9,5;15,5;0,06;0,2;0,4;23;200;600;0,12;0,16;0,9;4;75;200
5,7;5,1;7;1,1;1,5;4,5;11,1;9,5;15,5;0,12;0,2;0,4;120;200;600;0,15;0,16;0,9;6;75;200
5,6;5,1;7;0,8;1,5;4,5;10,8;9,5;15,5;0,07;0,2;0,4;41;200;600;0,18;0,16;0,9;3;75;200
5,4;5,1;7;0,9;1,5;4,5;12;9,5;15,5;0,09;0,2;0,4;117;200;600;0,15;0,16;0,9;3;75;200
6,1;5,1;7;0,6;1,5;4,5;12,5;9,5;15,5;0,03;0,2;0,4;203;200;600;0,14;0,16;0,9;4;75;200
6,1;5,1;7;0,8;1,5;4,5;14,8;9,5;15,5;0,06;0,2;0,4;71;200;600;0,19;0,16;0,9;5;75;200
6,3;5,1;7;0,7;1,5;4,5;11,4;9,5;15,5;0,11;0,2;0,4;276;200;600;0,15;0,16;0,9;7;75;200
6,4;5,1;7;1,4;1,5;4,5;9,1;9,5;15,5;0,15;0,2;0,4;226;200;600;0,21;0,16;0,9;7;75;200
6,7;5,1;7;2,4;1,5;4,5;11,7;9,5;15,5;0,21;0,2;0,4;652;200;600;0,39;0,16;0,9;15;75;200
7,7;5,1;7;2,6;1,5;4,5;10,5;9,5;15,5;0,24;0,2;0,4;785;200;600;0,49;0,16;0,9;11;75;200
7;5,1;7;2,7;1,5;4,5;10,1;9,5;15,5;0,21;0,2;0,4;586;200;600;0,43;0,16;0,9;12;75;200
6,2;5,1;7;2;1,5;4,5;12,2;9,5;15,5;0,15;0,2;0,4;101;200;600;0,25;0,16;0,9;4;75;200
5,4;5,1;7;0,8;1,5;4,5;10,7;9,5;15,5;0,07;0,2;0,4;99;200;600;0,17;0,16;0,9;1;75;200
5,2;5,1;7;0,8;1,5;4,5;14,2;9,5;15,5;0,05;0,2;0,4;43;200;600;0,17;0,16;0,9;1;75;200
4,8;5,1;7;0,8;1,5;4,5;12,3;9,5;15,5;0,08;0,2;0,4;94;200;600;0,13;0,16;0,9;1;75;200
5,7;5,1;7;0,8;1,5;4,5;12;9,5;15,5;0,09;0,2;0,4;157;200;600;0,2;0,16;0,9;1;75;200
4,3;5,1;7;0,8;1,5;4,5;13,6;9,5;15,5;0,07;0,2;0,4;92;200;600;0,16;0,16;0,9;1;75;200
5,7;5,1;7;0,7;1,5;4,5;10,9;9,5;15,5;0,06;0,2;0,4;88;200;600;0,19;0,16;0,9;2;75;200
5,4;5,1;7;0,9;1,5;4,5;11,7;9,5;15,5;0,06;0,2;0,4;130;200;600;0,14;0,16;0,9;1;75;200
5,3;5,1;7;1,1;1,5;4,5;12,5;9,5;15,5;0,09;0,2;0,4;232;200;600;0,2;0,16;0,9;1;75;200
5,7;5,1;7;1,7;1,5;4,5;11,8;9,5;15,5;0,14;0,2;0,4;163;200;600;0,24;0,16;0,9;1;75;200
6,6;5,1;7;0,8;1,5;4,5;14,5;9,5;15,5;0,06;0,2;0,4;164;200;600;0,21;0,16;0,9;3;75;200
5,5;5,1;7;1,1;1,5;4,5;13,1;9,5;15,5;0,11;0,2;0,4;122;200;600;0,2;0,16;0,9;1;75;200
4,9;5,1;7;0,9;1,5;4,5;10,3;9,5;15,5;0,08;0,2;0,4;45;200;600;0,14;0,16;0,9;1;75;200
5,8;5,1;7;0,9;1,5;4,5;10,9;9,5;15,5;0,08;0,2;0,4;113;200;600;0,14;0,16;0,9;1;75;200
5;5,1;7;0,9;1,5;4,5;11,1;9,5;15,5;0,1;0,2;0,4;116;200;600;0,16;0,16;0,9;1;75;200
6,2;5,1;7;1,5;1,5;4,5;10,2;9,5;15,5;0,16;0,2;0,4;262;200;600;0,23;0,16;0,9;5;75;200
5,3;5,1;7;1,3;1,5;4,5;11,1;9,5;15,5;0,11;0,2;0,4;108;200;600;0,17;0,16;0,9;1;75;200
6,7;5,1;7;2;1,5;4,5;11,9;9,5;15,5;0,2;0,2;0,4;405;200;600;0,3;0,16;0,9;10;75;200
6,4;5,1;7;2,1;1,5;4,5;9,3;9,5;15,5;0,22;0,2;0,4;354;200;600;0,29;0,16;0,9;8;75;200
7,4;5,1;7;2,2;1,5;4,5;8,6;9,5;15,5;0,23;0,2;0,4;300;200;600;0,38;0,16;0,9;7;75;200
6,8;5,1;7;2;1,5;4,5;9,7;9,5;15,5;0,2;0,2;0,4;366;200;600;0,33;0,16;0,9;10;75;200
6,4;5,1;7;1,7;1,5;4,5;8,9;9,5;15,5;0,19;0,2;0,4;190;200;600;0,32;0,16;0,9;7;75;200
6,2;5,1;7;1,5;1,5;4,5;10,2;9,5;15,5;0,17;0,2;0,4;544;200;600;0,07;0,16;0,9;7;75;200
5,9;5,1;7;1,4;1,5;4,5;11,8;9,5;15,5;0,14;0,2;0,4;191;200;600;0,22;0,16;0,9;3;75;200
6,8;5,1;7;1,1;1,5;4,5;10,9;9,5;15,5;0,09;0,2;0,4;146;200;600;0,23;0,16;0,9;5;75;200
6,4;5,1;7;2,2;1,5;4,5;10,7;9,5;15,5;0,22;0,2;0,4;368;200;600;0,33;0,16;0,9;9;75;200
6,3;5,1;7;2;1,5;4,5;10;9,5;15,5;0,2;0,2;0,4;382;200;600;0,29;0,16;0,9;7;75;200
7;5,1;7;3,2;1,5;4,5;10,2;9,5;15,5;0,33;0,2;0,4;468;200;600;0,44;0,16;0,9;9;75;200
6,6;5,1;7;2;1,5;4,5;10,6;9,5;15,5;0,2;0,2;0,4;326;200;600;0,31;0,16;0,9;9;75;200
5,8;5,1;7;1,8;1,5;4,5;10,7;9,5;15,5;0,17;0,2;0,4;383;200;600;0,23;0,16;0,9;4;75;200
6;5,1;7;1;1,5;4,5;9,9;9,5;15,5;0,1;0,2;0,4;169;200;600;0,18;0,16;0,9;3;75;200
6,6;5,1;7;1,9;1,5;4,5;9,1;9,5;15,5;0,22;0,2;0,4;494;200;600;0,3;0,16;0,9;11;75;200
6;5,1;7;1,3;1,5;4,5;10,5;9,5;15,5;0,12;0,2;0,4;343;200;600;0,08;0,16;0,9;4;75;200
6;5,1;7;1,7;1,5;4,5;9,9;9,5;15,5;0,16;0,2;0,4;227;200;600;0,28;0,16;0,9;5;75;200
6,5;5,1;7;1,1;1,5;4,5;11,6;9,5;15,5;0,11;0,2;0,4;172;200;600;0,25;0,16;0,9;5;75;200
6,3;5,1;7;1,9;1,5;4,5;10,6;9,5;15,5;0,18;0,2;0,4;360;200;600;0,25;0,16;0,9;7;75;200
6,3;5,1;7;1,6;1,5;4,5;10,3;9,5;15,5;0,16;0,2;0,4;178;200;600;0,32;0,16;0,9;8;75;200
5,9;5,1;7;1,6;1,5;4,5;10,9;9,5;15,5;0,19;0,2;0,4;628;200;600;0,09;0,16;0,9;5;75;200
6,4;5,1;7;1,7;1,5;4,5;10,1;9,5;15,5;0,17;0,2;0,4;266;200;600;0,31;0,16;0,9;8;75;200
6,9;5,1;7;2,5;1,5;4,5;10,6;9,5;15,5;0,27;0,2;0,4;357;200;600;0,2;0,16;0,9;15;75;200
6,7;5,1;7;1,7;1,5;4,5;9,1;9,5;15,5;0,16;0,2;0,4;293;200;600;0,3;0,16;0,9;7;75;200
6,7;5,1;7;1,2;1,5;4,5;9,2;9,5;15,5;0,12;0,2;0,4;127;200;600;0,26;0,16;0,9;4;75;200
6,9;5,1;7;1,8;1,5;4,5;9,4;9,5;15,5;0,19;0,2;0,4;255;200;600;0,3;0,16;0,9;9;75;200
7,1;5,1;7;2,2;1,5;4,5;9,9;9,5;15,5;0,22;0,2;0,4;357;200;600;0,35;0,16;0,9;7;75;200
5,5;5,1;7;1,4;1,5;4,5;10,8;9,5;15,5;0,15;0,2;0,4;482;200;600;0,18;0,16;0,9;3;75;200
5,9;5,1;7;0,7;1,5;4,5;8,9;9,5;15,5;0,08;0,2;0,4;239;200;600;0,19;0,16;0,9;3;75;200
6,1;5,1;7;2,2;1,5;4,5;9,7;9,5;15,5;0,2;0,2;0,4;58;200;600;0,32;0,16;0,9;4;75;200
6;5,1;7;2,4;1,5;4,5;12,2;9,5;15,5;0,21;0,2;0,4;537;200;600;0,26;0,16;0,9;6;75;200
5,4;5,1;7;0,9;1,5;4,5;11,7;9,5;15,5;0,09;0,2;0,4;107;200;600;0,13;0,16;0,9;1;75;200
5,6;5,1;7;0,8;1,5;4,5;11,4;9,5;15,5;0,08;0,2;0,4;23;200;600;0,13;0,16;0,9;2;75;200
5,7;5,1;7;2;1,5;4,5;12;9,5;15,5;0,18;0,2;0,4;111;200;600;0,23;0,16;0,9;2;75;200
5,6;5,1;7;1,4;1,5;4,5;10,2;9,5;15,5;0,15;0,2;0,4;153;200;600;0,24;0,16;0,9;2;75;200
6,6;5,1;7;1,9;1,5;4,5;10,2;9,5;15,5;0,16;0,2;0,4;157;200;600;0,3;0,16;0,9;9;75;200
5,9;5,1;7;3,1;1,5;4,5;10,1;9,5;15,5;0,3;0,2;0,4;642;200;600;0,28;0,16;0,9;6;75;200
6,2;5,1;7;1;1,5;4,5;10,5;9,5;15,5;0,1;0,2;0,4;168;200;600;0,2;0,16;0,9;4;75;200
6,1;5,1;7;1,7;1,5;4,5;11,7;9,5;15,5;0,16;0,2;0,4;147;200;600;0,27;0,16;0,9;7;75;200
5,6;5,1;7;1,1;1,5;4,5;11,4;9,5;15,5;0,11;0,2;0,4;114;200;600;0,18;0,16;0,9;3;75;200
6,1;5,1;7;0,7;1,5;4,5;12,8;9,5;15,5;0,06;0,2;0,4;297;200;600;0,15;0,16;0,9;4;75;200
5,8;5,1;7;1,3;1,5;4,5;11;9,5;15,5;0,14;0,2;0,4;311;200;600;0,22;0,16;0,9;3;75;200
5,6;5,1;7;1;1,5;4,5;10;9,5;15,5;0,12;0,2;0,4;45;200;600;0,23;0,16;0,9;3;75;200
6,4;5,1;7;1,7;1,5;4,5;10,4;9,5;15,5;0,17;0,2;0,4;140;200;600;0,28;0,16;0,9;6;75;200
5;5,1;7;1,1;1,5;4,5;9,1;9,5;15,5;0,12;0,2;0,4;107;200;600;0,17;0,16;0,9;1;75;200
6,3;5,1;7;2,4;1,5;4,5;11,1;9,5;15,5;0,21;0,2;0,4;392;200;600;0,3;0,16;0,9;7;75;200
5,9;5,1;7;2,6;1,5;4,5;12,9;9,5;15,5;0,22;0,2;0,4;436;200;600;0,34;0,16;0,9;6;75;200
7;5,1;7;1,5;1,5;4,5;11,6;9,5;15,5;0,18;0,2;0,4;56;200;600;0,11;0,16;0,9;17;75;200
5,9;5,1;7;1,9;1,5;4,5;9,7;9,5;15,5;0,18;0,2;0,4;135;200;600;0,28;0,16;0,9;4;75;200
6,7;5,1;7;1,2;1,5;4,5;10,9;9,5;15,5;0,13;0,2;0,4;65;200;600;0,17;0,16;0,9;5;75;200
6,2;5,1;7;1,5;1,5;4,5;11;9,5;15,5;0,14;0,2;0,4;113;200;600;0,23;0,16;0,9;4;75;200
6,7;5,1;7;1,8;1,5;4,5;10,3;9,5;15,5;0,18;0,2;0,4;307;200;600;0,35;0,16;0,9;9;75;200
6,7;5,1;7;2,2;1,5;4,5;10,5;9,5;15,5;0,22;0,2;0,4;303;200;600;0,37;0,16;0,9;9;75;200
6,1;5,1;7;1,1;1,5;4,5;11,6;9,5;15,5;0,1;0,2;0,4;67;200;600;0,2;0,16;0,9;3;75;200
6,3;5,1;7;1,4;1,5;4,5;10,3;9,5;15,5;0,13;0,2;0,4;142;200;600;0,22;0,16;0,9;5;75;200
6;5,1;7;2,6;1,5;4,5;10,4;9,5;15,5;0,26;0,2;0,4;658;200;600;0,3;0,16;0,9;9;75;200
6,4;5,1;7;1,2;1,5;4,5;10,4;9,5;15,5;0,15;0,2;0,4;10;200;600;0,26;0,16;0,9;7;75;200
6,2;5,1;7;1,5;1,5;4,5;10,6;9,5;15,5;0,15;0,2;0,4;173;200;600;0,23;0,16;0,9;5;75;200
5,3;5,1;7;1;1,5;4,5;11,9;9,5;15,5;0,09;0,2;0,4;19;200;600;0,14;0,16;0,9;2;75;200
6;5,1;7;1,1;1,5;4,5;8,5;9,5;15,5;0,12;0,2;0,4;292;200;600;0,16;0,16;0,9;5;75;200
5,8;5,1;7;1,1;1,5;4,5;9,9;9,5;15,5;0,13;0,2;0,4;288;200;600;0,25;0,16;0,9;5;75;200
6,1;5,1;7;1;1,5;4,5;13;9,5;15,5;0,09;0,2;0,4;131;200;600;0,22;0,16;0,9;3;75;200
5,7;5,1;7;0,9;1,5;4,5;9,6;9,5;15,5;0,1;0,2;0,4;111;200;600;0,16;0,16;0,9;2;75;200
6;5,1;7;1;1,5;4,5;9;9,5;15,5;0,1;0,2;0,4;128;200;600;0,2;0,16;0,9;3;75;200
5,5;5,1;7;0,9;1,5;4,5;10,3;9,5;15,5;0,09;0,2;0,4;243;200;600;0,16;0,16;0,9;2;75;200
6;5,1;7;1;1,5;4,5;9,8;9,5;15,5;0,09;0,2;0,4;109;200;600;0,18;0,16;0,9;3;75;200
5,7;5,1;7;1,1;1,5;4,5;9,5;9,5;15,5;0,12;0,2;0,4;173;200;600;0,18;0,16;0,9;2;75;200
5,6;5,1;7;0,8;1,5;4,5;10,6;9,5;15,5;0,07;0,2;0,4;135;200;600;0,15;0,16;0,9;2;75;200
5,8;5,1;7;1,1;1,5;4,5;9,3;9,5;15,5;0,12;0,2;0,4;62;200;600;0,21;0,16;0,9;3;75;200
5,9;5,1;7;1,1;1,5;4,5;10;9,5;15,5;0,12;0,2;0,4;367;200;600;0,2;0,16;0,9;4;75;200
6,5;5,1;7;1;1,5;4,5;11,8;9,5;15,5;0,1;0,2;0,4;11;200;600;0,25;0,16;0,9;5;75;200
5,5;5,1;7;1;1,5;4,5;11,3;9,5;15,5;0,09;0,2;0,4;81;200;600;0,21;0,16;0,9;1;75;200
6;5,1;7;0,9;1,5;4,5;9,5;9,5;15,5;0,09;0,2;0,4;162;200;600;0,18;0,16;0,9;4;75;200
5,5;5,1;7;0,9;1,5;4,5;9,5;9,5;15,5;0,08;0,2;0,4;94;200;600;0,13;0,16;0,9;2;75;200
5,4;5,1;7;0,8;1,5;4,5;11,8;9,5;15,5;0,07;0,2;0,4;134;200;600;0,15;0,16;0,9;1;75;200
5,7;5,1;7;0,7;1,5;4,5;10,4;9,5;15,5;0,05;0,2;0,4;57;200;600;0,12;0,16;0,9;1;75;200
5,8;5,1;7;1,1;1,5;4,5;11,1;9,5;15,5;0,1;0,2;0,4;135;200;600;0,18;0,16;0,9;2;75;200
6,5;5,1;7;1;1,5;4,5;10,2;9,5;15,5;0,1;0,2;0,4;241;200;600;0,21;0,16;0,9;6;75;200
7,9;5,1;7;2,6;1,5;4,5;11,2;9,5;15,5;0,25;0,2;0,4;586;200;600;0,4;0,16;0,9;6;75;200
5,6;5,1;7;1;1,5;4,5;10,7;9,5;15,5;0,1;0,2;0,4;157;200;600;0,12;0,16;0,9;5;75;200
5,9;5,1;7;1,6;1,5;4,5;9,1;9,5;15,5;0,17;0,2;0,4;517;200;600;0,24;0,16;0,9;7;75;200
6,2;5,1;7;1,1;1,5;4,5;12;9,5;15,5;0,11;0,2;0,4;136;200;600;0,24;0,16;0,9;4;75;200
5,8;5,1;7;0,9;1,5;4,5;10,1;9,5;15,5;0,1;0,2;0,4;220;200;600;0,19;0,16;0,9;2;75;200
5,7;5,1;7;1;1,5;4,5;10,5;9,5;15,5;0,09;0,2;0,4;138;200;600;0,19;0,16;0,9;2;75;200
5,8;5,1;7;1,1;1,5;4,5;9,9;9,5;15,5;0,11;0,2;0,4;186;200;600;0,16;0,16;0,9;3;75;200
6,1;5,1;7;1,2;1,5;4,5;9,7;9,5;15,5;0,13;0,2;0,4;441;200;600;0,22;0,16;0,9;5;75;200
6;5,1;7;1,1;1,5;4,5;10,6;9,5;15,5;0,1;0,2;0,4;131;200;600;0,23;0,16;0,9;3;75;200
5,8;5,1;7;1;1,5;4,5;10,8;9,5;15,5;0,09;0,2;0,4;107;200;600;0,17;0,16;0,9;3;75;200
5,4;5,1;7;1,7;1,5;4,5;11,6;9,5;15,5;0,16;0,2;0,4;506;200;600;0,19;0,16;0,9;2;75;200
6,3;5,1;7;3,4;1,5;4,5;10,1;9,5;15,5;0,3;0,2;0,4;600;200;600;0,34;0,16;0,9;9;75;200
5,2;5,1;7;1,2;1,5;4,5;11;9,5;15,5;0,12;0,2;0,4;135;200;600;0,22;0,16;0,9;1;75;200
5,2;5,1;7;0,9;1,5;4,5;13,2;9,5;15,5;0,08;0,2;0,4;64;200;600;0,18;0,16;0,9;1;75;200
5,6;5,1;7;1,5;1,5;4,5;11,6;9,5;15,5;0,16;0,2;0,4;382;200;600;0,21;0,16;0,9;3;75;200
6,1;5,1;7;1,2;1,5;4,5;9,3;9,5;15,5;0,11;0,2;0,4;112;200;600;0,22;0,16;0,9;3;75;200
5,5;5,1;7;2,3;1,5;4,5;11;9,5;15,5;0,22;0,2;0,4;422;200;600;0,24;0,16;0,9;3;75;200
6;5,1;7;1,7;1,5;4,5;10,6;9,5;15,5;0,16;0,2;0,4;188;200;600;0,24;0,16;0,9;4;75;200
5,7;5,1;7;1,8;1,5;4,5;10,1;9,5;15,5;0,2;0,2;0,4;396;200;600;0,24;0,16;0,9;2;75;200
6,4;5,1;7;2,5;1,5;4,5;9,6;9,5;15,5;0,25;0,2;0,4;571;200;600;0,33;0,16;0,9;8;75;200
5,7;5,1;7;1,7;1,5;4,5;9,4;9,5;15,5;0,16;0,2;0,4;226;200;600;0,25;0,16;0,9;3;75;200
5,4;5,1;7;1,6;1,5;4,5;11,4;9,5;15,5;0,16;0,2;0,4;187;200;600;0,24;0,16;0,9;1;75;200
5,3;5,1;7;1,2;1,5;4,5;11,5;9,5;15,5;0,11;0,2;0,4;185;200;600;0,18;0,16;0,9;1;75;200
5,3;5,1;7;1,3;1,5;4,5;10,4;9,5;15,5;0,14;0,2;0,4;241;200;600;0,21;0,16;0,9;1;75;200
4,7;5,1;7;2;1,5;4,5;14,8;9,5;15,5;0,17;0,2;0,4;252;200;600;0,23;0,16;0,9;1;75;200
6;5,1;7;1,4;1,5;4,5;9,7;9,5;15,5;0,15;0,2;0,4;270;200;600;0,22;0,16;0,9;3;75;200
5,6;5,1;7;1,7;1,5;4,5;11,6;9,5;15,5;0,18;0,2;0,4;306;200;600;0,23;0,16;0,9;2;75;200
6;5,1;7;1;1,5;4,5;10,4;9,5;15,5;0,09;0,2;0,4;60;200;600;0,19;0,16;0,9;3;75;200
5,4;5,1;7;1,2;1,5;4,5;11;9,5;15,5;0,12;0,2;0,4;111;200;600;0,2;0,16;0,9;1;75;200
5,6;5,1;7;1,1;1,5;4,5;11,3;9,5;15,5;0,11;0,2;0,4;200;200;600;0,2;0,16;0,9;1;75;200
6;5,1;7;2,3;1,5;4,5;11,8;9,5;15,5;0,21;0,2;0,4;574;200;600;0,26;0,16;0,9;5;75;200
5,8;5,1;7;1,3;1,5;4,5;10;9,5;15,5;0,13;0,2;0,4;106;200;600;0,25;0,16;0,9;2;75;200
5,7;5,1;7;2,7;1,5;4,5;10,8;9,5;15,5;0,26;0,2;0,4;434;200;600;0,32;0,16;0,9;3;75;200
5,4;5,1;7;1;1,5;4,5;9,9;9,5;15,5;0,09;0,2;0,4;42;200;600;0,18;0,16;0,9;2;75;200
6;5,1;7;2;1,5;4,5;11,6;9,5;15,5;0,2;0,2;0,4;260;200;600;0,27;0,16;0,9;4;75;200
5,3;5,1;7;2,3;1,5;4,5;11,5;9,5;15,5;0,23;0,2;0,4;431;200;600;0,27;0,16;0,9;3;75;200
5,6;5,1;7;2,7;1,5;4,5;10,6;9,5;15,5;0,28;0,2;0,4;538;200;600;0,21;0,16;0,9;5;75;200
6,6;5,1;7;2,7;1,5;4,5;9,7;9,5;15,5;0,27;0,2;0,4;875;200;600;0,27;0,16;0,9;17;75;200
5,8;5,1;7;2,4;1,5;4,5;10,1;9,5;15,5;0,25;0,2;0,4;639;200;600;0,26;0,16;0,9;6;75;200
6,4;5,1;7;2,3;1,5;4,5;10,1;9,5;15,5;0,23;0,2;0,4;373;200;600;0,29;0,16;0,9;8;75;200
6;5,1;7;1,3;1,5;4,5;10,5;9,5;15,5;0,14;0,2;0,4;10;200;600;0,16;0,16;0,9;6;75;200
6,6;5,1;7;1,4;1,5;4,5;8,6;9,5;15,5;0,16;0,2;0,4;79;200;600;0,24;0,16;0,9;6;75;200
6,5;5,1;7;1,4;1,5;4,5;10,3;9,5;15,5;0,15;0,2;0,4;231;200;600;0,21;0,16;0,9;6;75;200
5,8;5,1;7;1;1,5;4,5;10,5;9,5;15,5;0,1;0,2;0,4;108;200;600;0,18;0,16;0,9;2;75;200
5,5;5,1;7;1,3;1,5;4,5;11,4;9,5;15,5;0,11;0,2;0,4;156;200;600;0,17;0,16;0,9;1;75;200
5,4;5,1;7;0,7;1,5;4,5;11,4;9,5;15,5;0,07;0,2;0,4;159;200;600;0,15;0,16;0,9;2;75;200
6,4;5,1;7;1,6;1,5;4,5;10,9;9,5;15,5;0,15;0,2;0,4;269;200;600;0,23;0,16;0,9;5;75;200
5,3;5,1;7;0,9;1,5;4,5;13;9,5;15,5;0,08;0,2;0,4;112;200;600;0,14;0,16;0,9;1;75;200
6,1;5,1;7;1,7;1,5;4,5;8,7;9,5;15,5;0,19;0,2;0,4;90;200;600;0,21;0,16;0,9;6;75;200
5,5;5,1;7;0,7;1,5;4,5;11,1;9,5;15,5;0,06;0,2;0,4;10;200;600;0,14;0,16;0,9;1;75;200
5,2;5,1;7;0,8;1,5;4,5;8,3;9,5;15,5;0,09;0,2;0,4;197;200;600;0,18;0,16;0,9;2;75;200
5,7;5,1;7;1,1;1,5;4,5;11,6;9,5;15,5;0,11;0,2;0,4;172;200;600;0,18;0,16;0,9;2;75;200
6,5;5,1;7;1,9;1,5;4,5;11,5;9,5;15,5;0,17;0,2;0,4;224;200;600;0,24;0,16;0,9;4;75;200
5,1;5,1;7;0,7;1,5;4,5;12,8;9,5;15,5;0,05;0,2;0,4;123;200;600;0,13;0,16;0,9;1;75;200
4,8;5,1;7;0,8;1,5;4,5;11,9;9,5;15,5;0,08;0,2;0,4;364;200;600;0,09;0,16;0,9;1;75;200
5,1;5,1;7;1;1,5;4,5;11,6;9,5;15,5;0,09;0,2;0,4;136;200;600;0,13;0,16;0,9;1;75;200
5,6;5,1;7;1,3;1,5;4,5;11,5;9,5;15,5;0,11;0,2;0,4;143;200;600;0,2;0,16;0,9;2;75;200
5,7;5,1;7;1;1,5;4,5;10,5;9,5;15,5;0,09;0,2;0,4;60;200;600;0,18;0,16;0,9;2;75;200
5,8;5,1;7;0,9;1,5;4,5;10,7;9,5;15,5;0,08;0,2;0,4;74;200;600;0,19;0,16;0,9;3;75;200
5,6;5,1;7;1;1,5;4,5;12;9,5;15,5;0,09;0,2;0,4;359;200;600;0,18;0,16;0,9;1;75;200
5,8;5,1;7;1,1;1,5;4,5;10,4;9,5;15,5;0,11;0,2;0,4;137;200;600;0,2;0,16;0,9;2;75;200
5,8;5,1;7;1,1;1,5;4,5;10,7;9,5;15,5;0,1;0,2;0,4;209;200;600;0,2;0,16;0,9;2;75;200
5,9;5,1;7;0,9;1,5;4,5;11,2;9,5;15,5;0,08;0,2;0,4;194;200;600;0,19;0,16;0,9;3;75;200
5,8;5,1;7;0,8;1,5;4,5;10,4;9,5;15,5;0,08;0,2;0,4;84;200;600;0,19;0,16;0,9;2;75;200
6,4;5,1;7;0,9;1,5;4,5;9,7;9,5;15,5;0,09;0,2;0,4;90;200;600;0,2;0,16;0,9;3;75;200
6,1;5,1;7;1,3;1,5;4,5;10,1;9,5;15,5;0,13;0,2;0,4;100;200;600;0,24;0,16;0,9;4;75;200
5,9;5,1;7;0,7;1,5;4,5;11;9,5;15,5;0,07;0,2;0,4;10;200;600;0,16;0,16;0,9;2;75;200
5,6;5,1;7;1,2;1,5;4,5;10,7;9,5;15,5;0,11;0,2;0,4;155;200;600;0,19;0,16;0,9;1;75;200
6,1;5,1;7;1,4;1,5;4,5;9,6;9,5;15,5;0,14;0,2;0,4;285;200;600;0,28;0,16;0,9;5;75;200
5,7;5,1;7;0,9;1,5;4,5;9,8;9,5;15,5;0,09;0,2;0,4;36;200;600;0,15;0,16;0,9;1;75;200
6,2;5,1;7;0,9;1,5;4,5;11,1;9,5;15,5;0,09;0,2;0,4;157;200;600;0,19;0,16;0,9;3;75;200
5,9;5,1;7;1,9;1,5;4,5;11,3;9,5;15,5;0,18;0,2;0,4;558;200;600;0,31;0,16;0,9;5;75;200
6,5;5,1;7;1,1;1,5;4,5;11,1;9,5;15,5;0,1;0,2;0,4;92;200;600;0,2;0,16;0,9;3;75;200
6,5;5,1;7;1,8;1,5;4,5;11,7;9,5;15,5;0,17;0,2;0,4;264;200;600;0,26;0,16;0,9;5;75;200
6,1;5,1;7;1,3;1,5;4,5;8,9;9,5;15,5;0,14;0,2;0,4;234;200;600;0,26;0,16;0,9;3;75;200
5,9;5,1;7;1,6;1,5;4,5;10,1;9,5;15,5;0,16;0,2;0,4;455;200;600;0,26;0,16;0,9;6;75;200
5,9;5,1;7;1,4;1,5;4,5;9,6;9,5;15,5;0,14;0,2;0,4;101;200;600;0,24;0,16;0,9;2;75;200
7,1;5,1;7;2,8;1,5;4,5;9,2;9,5;15,5;0,27;0,2;0,4;677;200;600;0,29;0,16;0,9;13;75;200
7,1;5,1;7;2,1;1,5;4,5;9,4;9,5;15,5;0,2;0,2;0,4;78;200;600;0,38;0,16;0,9;8;75;200
6,7;5,1;7;1,7;1,5;4,5;9,3;9,5;15,5;0,2;0,2;0,4;944;200;600;0,27;0,16;0,9;13;75;200
6,7;5,1;7;2,7;1,5;4,5;11,3;9,5;15,5;0,23;0,2;0,4;728;200;600;0,34;0,16;0,9;13;75;200
5,9;5,1;7;0,8;1,5;4,5;10,1;9,5;15,5;0,08;0,2;0,4;159;200;600;0,18;0,16;0,9;2;75;200
6,7;5,1;7;1,5;1,5;4,5;10,8;9,5;15,5;0,14;0,2;0,4;316;200;600;0,25;0,16;0,9;7;75;200
6,9;5,1;7;2;1,5;4,5;9,5;9,5;15,5;0,18;0,2;0,4;716;200;600;0,24;0,16;0,9;14;75;200
6,4;5,1;7;1,8;1,5;4,5;10,6;9,5;15,5;0,16;0,2;0,4;290;200;600;0,3;0,16;0,9;6;75;200
6,6;5,1;7;1,4;1,5;4,5;9;9,5;15,5;0,16;0,2;0,4;1019;200;600;0,27;0,16;0,9;13;75;200
7,7;5,1;7;3,4;1,5;4,5;12,2;9,5;15,5;0,36;0,2;0,4;255;200;600;0,43;0,16;0,9;15;75;200
7,4;5,1;7;2,1;1,5;4,5;9,4;9,5;15,5;0,23;0,2;0,4;1026;200;600;0,36;0,16;0,9;11;75;200
6,4;5,1;7;1,8;1,5;4,5;11,4;9,5;15,5;0,16;0,2;0,4;136;200;600;0,25;0,16;0,9;7;75;200
6,9;5,1;7;2,6;1,5;4,5;9,7;9,5;15,5;0,25;0,2;0,4;957;200;600;0,28;0,16;0,9;13;75;200
6,1;5,1;7;2,1;1,5;4,5;12,2;9,5;15,5;0,16;0,2;0,4;389;200;600;0,26;0,16;0,9;4;75;200
7,4;5,1;7;2,4;1,5;4,5;9,1;9,5;15,5;0,27;0,2;0,4;901;200;600;0,34;0,16;0,9;12;75;200
6,2;5,1;7;1,3;1,5;4,5;10,7;9,5;15,5;0,11;0,2;0,4;325;200;600;0,24;0,16;0,9;4;75;200
6,3;5,1;7;0,9;1,5;4,5;9,9;9,5;15,5;0,09;0,2;0,4;119;200;600;0,22;0,16;0,9;4;75;200
6,6;5,1;7;1,5;1,5;4,5;10,8;9,5;15,5;0,13;0,2;0,4;202;200;600;0,25;0,16;0,9;6;75;200
6;5,1;7;1,8;1,5;4,5;11,4;9,5;15,5;0,16;0,2;0,4;329;200;600;0,19;0,16;0,9;5;75;200
6,5;5,1;7;1,2;1,5;4,5;10,6;9,5;15,5;0,13;0,2;0,4;127;200;600;0,22;0,16;0,9;6;75;200
7,5;5,1;7;2,7;1,5;4,5;9,7;9,5;15,5;0,28;0,2;0,4;580;200;600;0,43;0,16;0,9;15;75;200
7,1;5,1;7;3;1,5;4,5;10,7;9,5;15,5;0,31;0,2;0,4;172;200;600;0,45;0,16;0,9;14;75;200
6;5,1;7;1,3;1,5;4,5;10,4;9,5;15,5;0,15;0,2;0,4;127;200;600;0,27;0,16;0,9;5;75;200
6,9;5,1;7;1,6;1,5;4,5;10,3;9,5;15,5;0,14;0,2;0,4;254;200;600;0,24;0,16;0,9;7;75;200
7,3;5,1;7;4,1;1,5;4,5;10,3;9,5;15,5;0,36;0,2;0,4;315;200;600;0,5;0,16;0,9;13;75;200
6,2;5,1;7;1,1;1,5;4,5;11,1;9,5;15,5;0,11;0,2;0,4;141;200;600;0,2;0,16;0,9;3;75;200
7,3;5,1;7;1,9;1,5;4,5;9,4;9,5;15,5;0,2;0,2;0,4;681;200;600;0,34;0,16;0,9;12;75;200
6,5;5,1;7;1,6;1,5;4,5;9,2;9,5;15,5;0,15;0,2;0,4;79;200;600;0,28;0,16;0,9;6;75;200
6,4;5,1;7;1,3;1,5;4,5;11,6;9,5;15,5;0,11;0,2;0,4;135;200;600;0,22;0,16;0,9;5;75;200
7,3;5,1;7;1,5;1,5;4,5;10,2;9,5;15,5;0,15;0,2;0,4;267;200;600;0,22;0,16;0,9;5;75;200
5,6;5,1;7;1,2;1,5;4,5;10,9;9,5;15,5;0,12;0,2;0,4;127;200;600;0,2;0,16;0,9;3;75;200
6,1;5,1;7;0,8;1,5;4,5;11,2;9,5;15,5;0,1;0,2;0,4;235;200;600;0,18;0,16;0,9;3;75;200
6,6;5,1;7;1,5;1,5;4,5;12,5;9,5;15,5;0,15;0,2;0,4;124;200;600;0,26;0,16;0,9;4;75;200
5,7;5,1;7;1;1,5;4,5;11,1;9,5;15,5;0,1;0,2;0,4;160;200;600;0,18;0,16;0,9;2;75;200
5;5,1;7;0,9;1,5;4,5;10,7;9,5;15,5;0,09;0,2;0,4;166;200;600;0,16;0,16;0,9;1;75;200
6,2;5,1;7;1;1,5;4,5;11,6;9,5;15,5;0,11;0,2;0,4;168;200;600;0,18;0,16;0,9;4;75;200
6;5,1;7;0,7;1,5;4,5;12,5;9,5;15,5;0,07;0,2;0,4;79;200;600;0,16;0,16;0,9;2;75;200
6,8;5,1;7;1,6;1,5;4,5;11,5;9,5;15,5;0,15;0,2;0,4;222;200;600;0,29;0,16;0,9;8;75;200
6,2;5,1;7;0,8;1,5;4,5;9,8;9,5;15,5;0,09;0,2;0,4;107;200;600;0,19;0,16;0,9;4;75;200
6;5,1;7;1,5;1,5;4,5;9,8;9,5;15,5;0,15;0,2;0,4;182;200;600;0,23;0,16;0,9;4;75;200
5,5;5,1;7;2,6;1,5;4,5;10,3;9,5;15,5;0,24;0,2;0,4;452;200;600;0,3;0,16;0,9;4;75;200
5,7;5,1;7;2,2;1,5;4,5;11,7;9,5;15,5;0,2;0,2;0,4;310;200;600;0,22;0,16;0,9;4;75;200
5,6;5,1;7;1,7;1,5;4,5;11,8;9,5;15,5;0,16;0,2;0,4;359;200;600;0,21;0,16;0,9;2;75;200
5,9;5,1;7;0,8;1,5;4,5;12,3;9,5;15,5;0,08;0,2;0,4;211;200;600;0,16;0,16;0,9;3;75;200
6,8;5,1;7;1,4;1,5;4,5;11,5;9,5;15,5;0,13;0,2;0,4;238;200;600;0,22;0,16;0,9;6;75;200
5,9;5,1;7;1,4;1,5;4,5;10,9;9,5;15,5;0,14;0,2;0,4;255;200;600;0,23;0,16;0,9;3;75;200
5,5;5,1;7;1,8;1,5;4,5;10,5;9,5;15,5;0,16;0,2;0,4;233;200;600;0,2;0,16;0,9;1;75;200
5;5,1;7;1;1,5;4,5;11,4;9,5;15,5;0,1;0,2;0,4;100;200;600;0,18;0,16;0,9;1;75;200
6,1;5,1;7;1,8;1,5;4,5;10,8;9,5;15,5;0,19;0,2;0,4;339;200;600;0,27;0,16;0,9;4;75;200
5,5;5,1;7;0,5;1,5;4,5;13,4;9,5;15,5;0,06;0,2;0,4;122;200;600;0,18;0,16;0,9;1;75;200
6,1;5,1;7;2,5;1,5;4,5;9,6;9,5;15,5;0,26;0,2;0,4;439;200;600;0,32;0,16;0,9;4;75;200
6;5,1;7;1,6;1,5;4,5;9,9;9,5;15,5;0,16;0,2;0,4;212;200;600;0,23;0,16;0,9;4;75;200
5,1;5,1;7;0,8;1,5;4,5;12,2;9,5;15,5;0,07;0,2;0,4;152;200;600;0,1;0,16;0,9;1;75;200
6,5;5,1;7;2,7;1,5;4,5;10,9;9,5;15,5;0,26;0,2;0,4;481;200;600;0,28;0,16;0,9;7;75;200
5,9;5,1;7;1,1;1,5;4,5;11,1;9,5;15,5;0,12;0,2;0,4;74;200;600;0,18;0,16;0,9;4;75;200
5,2;5,1;7;0,6;1,5;4,5;11,8;9,5;15,5;0,05;0,2;0,4;98;200;600;0,09;0,16;0,9;2;75;200
5,5;5,1;7;2,4;1,5;4,5;11,4;9,5;15,5;0,2;0,2;0,4;347;200;600;0,23;0,16;0,9;1;75;200
5,8;5,1;7;0,8;1,5;4,5;12,4;9,5;15,5;0,07;0,2;0,4;49;200;600;0,12;0,16;0,9;1;75;200
5,9;5,1;7;1,1;1,5;4,5;11,5;9,5;15,5;0,11;0,2;0,4;96;200;600;0,19;0,16;0,9;3;75;200
5;5,1;7;0,6;1,5;4,5;14,4;9,5;15,5;0,04;0,2;0,4;10;200;600;0,15;0,16;0,9;1;75;200
6,4;5,1;7;5,3;1,5;4,5;13,1;9,5;15,5;0,47;0,2;0,4;601;200;600;0,41;0,16;0,9;16;75;200
5,5;5,1;7;0,9;1,5;4,5;12,3;9,5;15,5;0,08;0,2;0,4;47;200;600;0,16;0,16;0,9;2;75;200
5,9;5,1;7;0,8;1,5;4,5;12,2;9,5;15,5;0,07;0,2;0,4;138;200;600;0,1;0,16;0,9;1;75;200
6,7;5,1;7;1,1;1,5;4,5;11,5;9,5;15,5;0,12;0,2;0,4;318;200;600;0,23;0,16;0,9;6;75;200
5,1;5,1;7;3;1,5;4,5;13,3;9,5;15,5;0,25;0,2;0,4;399;200;600;0,18;0,16;0,9;1;75;200
5,3;5,1;7;1,2;1,5;4,5;10,3;9,5;15,5;0,11;0,2;0,4;48;200;600;0,18;0,16;0,9;1;75;200
6;5,1;7;1,7;1,5;4,5;9,4;9,5;15,5;0,18;0,2;0,4;211;200;600;0,24;0,16;0,9;4;75;200
5,5;5,1;7;0,7;1,5;4,5;11,5;9,5;15,5;0,06;0,2;0,4;10;200;600;0,13;0,16;0,9;1;75;200
5,8;5,1;7;1,6;1,5;4,5;10,6;9,5;15,5;0,15;0,2;0,4;198;200;600;0,26;0,16;0,9;3;75;200
6,1;5,1;7;4,7;1,5;4,5;10,4;9,5;15,5;0,48;0,2;0,4;680;200;600;0,32;0,16;0,9;7;75;200
5,4;5,1;7;1,5;1,5;4,5;11;9,5;15,5;0,14;0,2;0,4;152;200;600;0,2;0,16;0,9;1;75;200
5,8;5,1;7;1,4;1,5;4,5;11,5;9,5;15,5;0,12;0,2;0,4;152;200;600;0,22;0,16;0,9;2;75;200
7,6;5,1;7;4,6;1,5;4,5;10,7;9,5;15,5;0,46;0,2;0,4;532;200;600;0,57;0,16;0,9;10;75;200
6,2;5,1;7;1,5;1,5;4,5;9,8;9,5;15,5;0,16;0,2;0,4;224;200;600;0,21;0,16;0,9;5;75;200
6,6;5,1;7;1,4;1,5;4,5;11,2;9,5;15,5;0,13;0,2;0,4;159;200;600;0,24;0,16;0,9;5;75;200
5,8;5,1;7;0,9;1,5;4,5;10,3;9,5;15,5;0,09;0,2;0,4;158;200;600;0,17;0,16;0,9;2;75;200
5,9;5,1;7;1,5;1,5;4,5;12,5;9,5;15,5;0,13;0,2;0,4;130;200;600;0,24;0,16;0,9;3;75;200
5,4;5,1;7;1,2;1,5;4,5;10,6;9,5;15,5;0,12;0,2;0,4;138;200;600;0,17;0,16;0,9;1;75;200
5;5,1;7;1,6;1,5;4,5;11,3;9,5;15,5;0,14;0,2;0,4;277;200;600;0,18;0,16;0,9;1;75;200
5,8;5,1;7;1,6;1,5;4,5;10,9;9,5;15,5;0,14;0,2;0,4;283;200;600;0,23;0,16;0,9;2;75;200
6,2;5,1;7;4,6;1,5;4,5;10,4;9,5;15,5;0,47;0,2;0,4;661;200;600;0,38;0,16;0,9;14;75;200
6;5,1;7;3,4;1,5;4,5;10,4;9,5;15,5;0,36;0,2;0,4;633;200;600;0,33;0,16;0,9;8;75;200
5,7;5,1;7;1,4;1,5;4,5;11,3;9,5;15,5;0,12;0,2;0,4;174;200;600;0,21;0,16;0,9;2;75;200
5,3;5,1;7;0,9;1,5;4,5;10,8;9,5;15,5;0,1;0,2;0,4;215;200;600;0,18;0,16;0,9;1;75;200
5,7;5,1;7;1,3;1,5;4,5;10,3;9,5;15,5;0,12;0,2;0,4;467;200;600;0,13;0,16;0,9;3;75;200
6;5,1;7;2,2;1,5;4,5;11,2;9,5;15,5;0,22;0,2;0,4;375;200;600;0,22;0,16;0,9;8;75;200
6,5;5,1;7;2;1,5;4,5;10,3;9,5;15,5;0,18;0,2;0,4;336;200;600;0,31;0,16;0,9;10;75;200
5,7;5,1;7;1,3;1,5;4,5;11,7;9,5;15,5;0,12;0,2;0,4;214;200;600;0,23;0,16;0,9;1;75;200
5,8;5,1;7;1,4;1,5;4,5;11,4;9,5;15,5;0,12;0,2;0,4;164;200;600;0,25;0,16;0,9;2;75;200
5,8;5,1;7;1,1;1,5;4,5;13,5;9,5;15,5;0,1;0,2;0,4;231;200;600;0,24;0,16;0,9;3;75;200
6;5,1;7;1,8;1,5;4,5;9,5;9,5;15,5;0,18;0,2;0,4;192;200;600;0,33;0,16;0,9;7;75;200
5,5;5,1;7;1,1;1,5;4,5;9,4;9,5;15,5;0,11;0,2;0,4;194;200;600;0,14;0,16;0,9;1;75;200
5,9;5,1;7;1,5;1,5;4,5;10;9,5;15,5;0,15;0,2;0,4;394;200;600;0,22;0,16;0,9;5;75;200
5,7;5,1;7;1,3;1,5;4,5;11,2;9,5;15,5;0,13;0,2;0,4;109;200;600;0,22;0,16;0,9;4;75;200
5,6;5,1;7;0,9;1,5;4,5;10,4;9,5;15,5;0,08;0,2;0,4;152;200;600;0,15;0,16;0,9;1;75;200
6,2;5,1;7;1,3;1,5;4,5;10,5;9,5;15,5;0,1;0,2;0,4;369;200;600;0,2;0,16;0,9;4;75;200
5,6;5,1;7;1,5;1,5;4,5;10,1;9,5;15,5;0,16;0,2;0,4;148;200;600;0,26;0,16;0,9;5;75;200
5,3;5,1;7;1,1;1,5;4,5;11,7;9,5;15,5;0,09;0,2;0,4;101;200;600;0,12;0,16;0,9;1;75;200
6,2;5,1;7;1;1,5;4,5;13,7;9,5;15,5;0,1;0,2;0,4;174;200;600;0,19;0,16;0,9;3;75;200
5,1;5,1;7;1,5;1,5;4,5;13,1;9,5;15,5;0,13;0,2;0,4;335;200;600;0,22;0,16;0,9;1;75;200
6,2;5,1;7;1,4;1,5;4,5;11,3;9,5;15,5;0,12;0,2;0,4;275;200;600;0,24;0,16;0,9;6;75;200
7,3;5,1;7;1,8;1,5;4,5;10,2;9,5;15,5;0,17;0,2;0,4;594;200;600;0,24;0,16;0,9;11;75;200
5,6;5,1;7;1,5;1,5;4,5;9,6;9,5;15,5;0,16;0,2;0,4;354;200;600;0,22;0,16;0,9;3;75;200
5,7;5,1;7;1,2;1,5;4,5;9,8;9,5;15,5;0,11;0,2;0,4;371;200;600;0,13;0,16;0,9;2;75;200
6,1;5,1;7;1,5;1,5;4,5;10,9;9,5;15,5;0,12;0,2;0,4;413;200;600;0,17;0,16;0,9;4;75;200
6,8;5,1;7;2,1;1,5;4,5;9,5;9,5;15,5;0,21;0,2;0,4;451;200;600;0,3;0,16;0,9;10;75;200
6,3;5,1;7;1,5;1,5;4,5;9,7;9,5;15,5;0,16;0,2;0,4;317;200;600;0,25;0,16;0,9;8;75;200
6,4;5,1;7;1,5;1,5;4,5;9,8;9,5;15,5;0,14;0,2;0,4;141;200;600;0,26;0,16;0,9;9;75;200
5,6;5,1;7;1,4;1,5;4,5;11,2;9,5;15,5;0,12;0,2;0,4;227;200;600;0,21;0,16;0,9;4;75;200
5,9;5,1;7;1,3;1,5;4,5;10,6;9,5;15,5;0,12;0,2;0,4;183;200;600;0,26;0,16;0,9;4;75;200
6,3;5,1;7;3,2;1,5;4,5;10,2;9,5;15,5;0,33;0,2;0,4;495;200;600;0,37;0,16;0,9;8;75;200
6;5,1;7;1,6;1,5;4,5;11;9,5;15,5;0,16;0,2;0,4;185;200;600;0,29;0,16;0,9;4;75;200
5,9;5,1;7;2,6;1,5;4,5;9,5;9,5;15,5;0,26;0,2;0,4;371;200;600;0,32;0,16;0,9;6;75;200
6,2;5,1;7;2,5;1,5;4,5;9,7;9,5;15,5;0,27;0,2;0,4;459;200;600;0,35;0,16;0,9;7;75;200
6,1;5,1;7;2,1;1,5;4,5;11;9,5;15,5;0,21;0,2;0,4;324;200;600;0,33;0,16;0,9;6;75;200
5,9;5,1;7;2,7;1,5;4,5;11,8;9,5;15,5;0,27;0,2;0,4;217;200;600;0,38;0,16;0,9;5;75;200
6,4;5,1;7;2,4;1,5;4,5;12,2;9,5;15,5;0,22;0,2;0,4;277;200;600;0,3;0,16;0,9;7;75;200
5,6;5,1;7;2,1;1,5;4,5;12;9,5;15,5;0,21;0,2;0,4;225;200;600;0,27;0,16;0,9;1;75;200
6,3;5,1;7;2,8;1,5;4,5;11,3;9,5;15,5;0,29;0,2;0,4;425;200;600;0,35;0,16;0,9;7;75;200
7;5,1;7;1,8;1,5;4,5;10,8;9,5;15,5;0,17;0,2;0,4;254;200;600;0,29;0,16;0,9;9;75;200
5,5;5,1;7;1,9;1,5;4,5;12,1;9,5;15,5;0,16;0,2;0,4;138;200;600;0,23;0,16;0,9;1;75;200
6,7;5,1;7;2,3;1,5;4,5;10,9;9,5;15,5;0,21;0,2;0,4;413;200;600;0,31;0,16;0,9;8;75;200
6,4;5,1;7;1,6;1,5;4,5;11,9;9,5;15,5;0,15;0,2;0,4;155;200;600;0,24;0,16;0,9;5;75;200
5,7;5,1;7;2,5;1,5;4,5;11,5;9,5;15,5;0,23;0,2;0,4;157;200;600;0,35;0,16;0,9;3;75;200
5,8;5,1;7;3,3;1,5;4,5;11,9;9,5;15,5;0,32;0,2;0,4;414;200;600;0,37;0,16;0,9;4;75;200
5,6;5,1;7;2,5;1,5;4,5;11,1;9,5;15,5;0,26;0,2;0,4;271;200;600;0,32;0,16;0,9;3;75;200
5,2;5,1;7;2;1,5;4,5;12,3;9,5;15,5;0,17;0,2;0,4;181;200;600;0,26;0,16;0,9;1;75;200
6,7;5,1;7;4,3;1,5;4,5;10,3;9,5;15,5;0,48;0,2;0,4;595;200;600;0,43;0,16;0,9;18;75;200
5,7;5,1;7;1,9;1,5;4,5;10,7;9,5;15,5;0,19;0,2;0,4;345;200;600;0,29;0,16;0,9;3;75;200
7,2;5,1;7;3;1,5;4,5;11;9,5;15,5;0,31;0,2;0,4;507;200;600;0,49;0,16;0,9;12;75;200
6,4;5,1;7;2,5;1,5;4,5;9,9;9,5;15,5;0,26;0,2;0,4;291;200;600;0,35;0,16;0,9;9;75;200
5,5;5,1;7;2,8;1,5;4,5;11,4;9,5;15,5;0,25;0,2;0,4;214;200;600;0,32;0,16;0,9;1;75;200
7,1;5,1;7;4,2;1,5;4,5;12,6;9,5;15,5;0,4;0,2;0,4;524;200;600;0,51;0,16;0,9;13;75;200
6,5;5,1;7;1,8;1,5;4,5;11,1;9,5;15,5;0,18;0,2;0,4;174;200;600;0,28;0,16;0,9;9;75;200
6,6;5,1;7;2,9;1,5;4,5;11,7;9,5;15,5;0,29;0,2;0,4;322;200;600;0,38;0,16;0,9;11;75;200
5,8;5,1;7;1,7;1,5;4,5;11,8;9,5;15,5;0,15;0,2;0,4;137;200;600;0,24;0,16;0,9;3;75;200
5,1;5,1;7;1,1;1,5;4,5;10,9;9,5;15,5;0,11;0,2;0,4;131;200;600;0,25;0,16;0,9;2;75;200
5,9;5,1;7;1,8;1,5;4,5;10,5;9,5;15,5;0,18;0,2;0,4;179;200;600;0,28;0,16;0,9;4;75;200
6,1;5,1;7;1,8;1,5;4,5;13;9,5;15,5;0,17;0,2;0,4;303;200;600;0,27;0,16;0,9;4;75;200
5,9;5,1;7;0,7;1,5;4,5;12,5;9,5;15,5;0,06;0,2;0,4;46;200;600;0,16;0,16;0,9;2;75;200
5,4;5,1;7;0,7;1,5;4,5;11,5;9,5;15,5;0,06;0,2;0,4;26;200;600;0,15;0,16;0,9;2;75;200
5,2;5,1;7;1,1;1,5;4,5;11,1;9,5;15,5;0,12;0,2;0,4;86;200;600;0,22;0,16;0,9;2;75;200
5,5;5,1;7;1,6;1,5;4,5;10,5;9,5;15,5;0,15;0,2;0,4;550;200;600;0,2;0,16;0,9;3;75;200
6,1;5,1;7;1;1,5;4,5;10,7;9,5;15,5;0,09;0,2;0,4;110;200;600;0,2;0,16;0,9;3;75;200
5,8;5,1;7;0,7;1,5;4,5;11,6;9,5;15,5;0,04;0,2;0,4;32;200;600;0,13;0,16;0,9;1;75;200
5,4;5,1;7;1;1,5;4,5;8,9;9,5;15,5;0,12;0,2;0,4;337;200;600;0,2;0,16;0,9;2;75;200
5,5;5,1;7;0,8;1,5;4,5;12;9,5;15,5;0,1;0,2;0,4;54;200;600;0,2;0,16;0,9;1;75;200
6;5,1;7;2,4;1,5;4,5;10,8;9,5;15,5;0,22;0,2;0,4;593;200;600;0,32;0,16;0,9;4;75;200
5,7;5,1;7;2;1,5;4,5;10,9;9,5;15,5;0,2;0,2;0,4;356;200;600;0,28;0,16;0,9;3;75;200
5,6;5,1;7;2,6;1,5;4,5;10,6;9,5;15,5;0,25;0,2;0,4;610;200;600;0,31;0,16;0,9;4;75;200
6,8;5,1;7;2,6;1,5;4,5;11,3;9,5;15,5;0,26;0,2;0,4;398;200;600;0,4;0,16;0,9;11;75;200
6;5,1;7;0,8;1,5;4,5;11,9;9,5;15,5;0,07;0,2;0,4;112;200;600;0,17;0,16;0,9;3;75;200
5,8;5,1;7;1,2;1,5;4,5;11,7;9,5;15,5;0,11;0,2;0,4;97;200;600;0,2;0,16;0,9;2;75;200
6,8;5,1;7;2,2;1,5;4,5;14,3;9,5;15,5;0,2;0,2;0,4;556;200;600;0,33;0,16;0,9;12;75;200
5,6;5,1;7;0,9;1,5;4,5;10,7;9,5;15,5;0,08;0,2;0,4;96;200;600;0,18;0,16;0,9;1;75;200
5,4;5,1;7;1,5;1,5;4,5;11,2;9,5;15,5;0,13;0,2;0,4;198;200;600;0,25;0,16;0,9;2;75;200
5,3;5,1;7;1;1,5;4,5;11,3;9,5;15,5;0,09;0,2;0,4;54;200;600;0,17;0,16;0,9;1;75;200
6,1;5,1;7;2,4;1,5;4,5;11,2;9,5;15,5;0,22;0,2;0,4;563;200;600;0,31;0,16;0,9;5;75;200
6,5;5,1;7;2,4;1,5;4,5;9,6;9,5;15,5;0,28;0,2;0,4;732;200;600;0,34;0,16;0,9;13;75;200
6,7;5,1;7;2,6;1,5;4,5;12,4;9,5;15,5;0,25;0,2;0,4;415;200;600;0,37;0,16;0,9;10;75;200
6,1;5,1;7;0,8;1,5;4,5;11,6;9,5;15,5;0,08;0,2;0,4;46;200;600;0,17;0,16;0,9;3;75;200
6,1;5,1;7;1,5;1,5;4,5;10,4;9,5;15,5;0,15;0,2;0,4;317;200;600;0,24;0,16;0,9;3;75;200
5,5;5,1;7;1,1;1,5;4,5;11,3;9,5;15,5;0,12;0,2;0,4;107;200;600;0,23;0,16;0,9;2;75;200
5,4;5,1;7;0,9;1,5;4,5;11,5;9,5;15,5;0,09;0,2;0,4;267;200;600;0,18;0,16;0,9;1;75;200
7;5,1;7;4,4;1,5;4,5;11,1;9,5;15,5;0,45;0,2;0,4;664;200;600;0,47;0,16;0,9;17;75;200
7,9;5,1;7;4,9;1,5;4,5;11,6;9,5;15,5;0,49;0,2;0,4;1075;200;600;0,48;0,16;0,9;16;75;200
6,7;5,1;7;2,9;1,5;4,5;10,1;9,5;15,5;0,28;0,2;0,4;564;200;600;0,35;0,16;0,9;13;75;200
5,6;5,1;7;1,9;1,5;4,5;11,9;9,5;15,5;0,18;0,2;0,4;294;200;600;0,23;0,16;0,9;2;75;200
6,5;5,1;7;2,2;1,5;4,5;12,6;9,5;15,5;0,18;0,2;0,4;252;200;600;0,3;0,16;0,9;7;75;200
5,4;5,1;7;1;1,5;4,5;10,9;9,5;15,5;0,1;0,2;0,4;58;200;600;0,16;0,16;0,9;1;75;200
6,1;5,1;7;1,5;1,5;4,5;11,8;9,5;15,5;0,13;0,2;0,4;98;200;600;0,23;0,16;0,9;3;75;200
6,4;5,1;7;2,4;1,5;4,5;11,5;9,5;15,5;0,23;0,2;0,4;498;200;600;0,33;0,16;0,9;9;75;200
6,2;5,1;7;2,4;1,5;4,5;10,1;9,5;15,5;0,25;0,2;0,4;378;200;600;0,33;0,16;0,9;7;75;200
7,1;5,1;7;3,5;1,5;4,5;12;9,5;15,5;0,39;0,2;0,4;666;200;600;0,5;0,16;0,9;16;75;200
6,4;5,1;7;2;1,5;4,5;12,1;9,5;15,5;0,19;0,2;0,4;363;200;600;0,3;0,16;0,9;7;75;200
6;5,1;7;3;1,5;4,5;12,5;9,5;15,5;0,3;0,2;0,4;354;200;600;0,4;0,16;0,9;6;75;200
6,5;5,1;7;4,3;1,5;4,5;12,1;9,5;15,5;0,38;0,2;0,4;625;200;600;0,43;0,16;0,9;13;75;200
7,7;5,1;7;3,7;1,5;4,5;11,5;9,5;15,5;0,35;0,2;0,4;920;200;600;0,47;0,16;0,9;11;75;200
6,4;5,1;7;3,5;1,5;4,5;14,3;9,5;15,5;0,33;0,2;0,4;590;200;600;0,4;0,16;0,9;12;75;200
7,2;5,1;7;2,6;1,5;4,5;9,4;9,5;15,5;0,3;0,2;0,4;733;200;600;0,44;0,16;0,9;15;75;200
7,5;5,1;7;4,8;1,5;4,5;12,5;9,5;15,5;0,46;0,2;0,4;626;200;600;0,49;0,16;0,9;15;75;200
5,3;5,1;7;3,4;1,5;4,5;14,6;9,5;15,5;0,28;0,2;0,4;537;200;600;0,21;0,16;0,9;1;75;200
6,8;5,1;7;2,8;1,5;4,5;13,2;9,5;15,5;0,26;0,2;0,4;559;200;600;0,41;0,16;0,9;13;75;200
5,7;5,1;7;2,4;1,5;4,5;11,9;9,5;15,5;0,25;0,2;0,4;559;200;600;0,29;0,16;0,9;5;75;200
5,4;5,1;7;1,8;1,5;4,5;11,8;9,5;15,5;0,16;0,2;0,4;333;200;600;0,23;0,16;0,9;1;75;200
6,1;5,1;7;3;1,5;4,5;12,7;9,5;15,5;0,28;0,2;0,4;464;200;600;0,28;0,16;0,9;6;75;200
5,2;5,1;7;2,8;1,5;4,5;11,6;9,5;15,5;0,27;0,2;0,4;531;200;600;0,28;0,16;0,9;1;75;200
6,9;5,1;7;1,4;1,5;4,5;8,8;9,5;15,5;0,15;0,2;0,4;167;200;600;0,28;0,16;0,9;9;75;200
7,9;5,1;7;3,9;1,5;4,5;9,8;9,5;15,5;0,42;0,2;0,4;850;200;600;0,5;0,16;0,9;14;75;200
6,6;5,1;7;2,8;1,5;4,5;11,8;9,5;15,5;0,27;0,2;0,4;297;200;600;0,39;0,16;0,9;10;75;200
6,3;5,1;7;3,7;1,5;4,5;10,6;9,5;15,5;0,39;0,2;0,4;488;200;600;0,37;0,16;0,9;14;75;200
6,5;5,1;7;2,6;1,5;4,5;10,4;9,5;15,5;0,28;0,2;0,4;451;200;600;0,36;0,16;0,9;9;75;200
6,4;5,1;7;3,2;1,5;4,5;11,4;9,5;15,5;0,3;0,2;0,4;507;200;600;0,36;0,16;0,9;11;75;200
6,8;5,1;7;2,5;1,5;4,5;11;9,5;15,5;0,25;0,2;0,4;305;200;600;0,35;0,16;0,9;11;75;200
6,1;5,1;7;1,4;1,5;4,5;12,5;9,5;15,5;0,13;0,2;0,4;161;200;600;0,23;0,16;0,9;4;75;200
6,8;5,1;7;2,7;1,5;4,5;11;9,5;15,5;0,26;0,2;0,4;473;200;600;0,4;0,16;0,9;11;75;200
7,2;5,1;7;2,9;1,5;4,5;9,7;9,5;15,5;0,34;0,2;0,4;638;200;600;0,44;0,16;0,9;11;75;200
6,4;5,1;7;1,3;1,5;4,5;10,3;9,5;15,5;0,13;0,2;0,4;161;200;600;0,21;0,16;0,9;5;75;200
5,9;5,1;7;1,8;1,5;4,5;10,4;9,5;15,5;0,18;0,2;0,4;200;200;600;0,28;0,16;0,9;6;75;200
6,5;5,1;7;1,4;1,5;4,5;10,4;9,5;15,5;0,13;0,2;0,4;130;200;600;0,25;0,16;0,9;5;75;200
7,2;5,1;7;4;1,5;4,5;9,1;9,5;15,5;0,45;0,2;0,4;875;200;600;0,5;0,16;0,9;15;75;200
5,4;5,1;7;1,7;1,5;4,5;10,7;9,5;15,5;0,17;0,2;0,4;390;200;600;0,19;0,16;0,9;2;75;200
6,2;5,1;7;3,2;1,5;4,5;10,8;9,5;15,5;0,3;0,2;0,4;552;200;600;0,3;0,16;0,9;10;75;200
7,4;5,1;7;4,3;1,5;4,5;10,5;9,5;15,5;0,45;0,2;0,4;783;200;600;0,47;0,16;0,9;16;75;200
6,7;5,1;7;1,3;1,5;4,5;10,7;9,5;15,5;0,14;0,2;0,4;173;200;600;0,26;0,16;0,9;6;75;200
6,8;5,1;7;3,3;1,5;4,5;11,3;9,5;15,5;0,35;0,2;0,4;637;200;600;0,37;0,16;0,9;14;75;200
7,9;5,1;7;2;1,5;4,5;10,5;9,5;15,5;0,23;0,2;0,4;497;200;600;0,37;0,16;0,9;8;75;200
5,8;5,1;7;2,8;1,5;4,5;11,9;9,5;15,5;0,29;0,2;0,4;329;200;600;0,31;0,16;0,9;3;75;200
5,8;5,1;7;3,9;1,5;4,5;11,2;9,5;15,5;0,41;0,2;0,4;612;200;600;0,27;0,16;0,9;8;75;200
7,4;5,1;7;3,4;1,5;4,5;10;9,5;15,5;0,38;0,2;0,4;673;200;600;0,36;0,16;0,9;14;75;200
6,6;5,1;7;2,5;1,5;4,5;9;9,5;15,5;0,28;0,2;0,4;637;200;600;0,33;0,16;0,9;11;75;200
6,7;5,1;7;1,1;1,5;4,5;9,4;9,5;15,5;0,12;0,2;0,4;128;200;600;0,23;0,16;0,9;6;75;200
6,5;5,1;7;1;1,5;4,5;10,7;9,5;15,5;0,11;0,2;0,4;153;200;600;0,22;0,16;0,9;5;75;200
6,2;5,1;7;2,5;1,5;4,5;12,8;9,5;15,5;0,21;0,2;0,4;288;200;600;0,31;0,16;0,9;4;75;200
6,8;5,1;7;3;1,5;4,5;11,3;9,5;15,5;0,27;0,2;0,4;330;200;600;0,43;0,16;0,9;11;75;200
6,7;5,1;7;0,9;1,5;4,5;10,4;9,5;15,5;0,09;0,2;0,4;70;200;600;0,22;0,16;0,9;5;75;200
7,6;5,1;7;3,5;1,5;4,5;10;9,5;15,5;0,39;0,2;0,4;774;200;600;0,42;0,16;0,9;12;75;200
6,1;5,1;7;1,9;1,5;4,5;9,5;9,5;15,5;0,19;0,2;0,4;258;200;600;0,33;0,16;0,9;7;75;200
6,2;5,1;7;2,3;1,5;4,5;11,5;9,5;15,5;0,21;0,2;0,4;262;200;600;0,35;0,16;0,9;6;75;200
7,5;5,1;7;1,8;1,5;4,5;10,5;9,5;15,5;0,19;0,2;0,4;471;200;600;0,36;0,16;0,9;7;75;200
5,5;5,1;7;1;1,5;4,5;9,8;9,5;15,5;0,1;0,2;0,4;100;200;600;0,18;0,16;0,9;2;75;200
5,6;5,1;7;1;1,5;4,5;10,4;9,5;15,5;0,1;0,2;0,4;87;200;600;0,19;0,16;0,9;2;75;200
6,6;5,1;7;1,8;1,5;4,5;9,6;9,5;15,5;0,19;0,2;0,4;239;200;600;0,27;0,16;0,9;8;75;200
6,2;5,1;7;1,6;1,5;4,5;10,4;9,5;15,5;0,15;0,2;0,4;284;200;600;0,3;0,16;0,9;5;75;200
6,3;5,1;7;1,9;1,5;4,5;10,5;9,5;15,5;0,18;0,2;0,4;218;200;600;0,32;0,16;0,9;6;75;200
7,4;5,1;7;1,6;1,5;4,5;10,2;9,5;15,5;0,18;0,2;0,4;438;200;600;0,34;0,16;0,9;7;75;200
6,4;5,1;7;2,5;1,5;4,5;10,4;9,5;15,5;0,24;0,2;0,4;324;200;600;0,34;0,16;0,9;8;75;200
5,9;5,1;7;0,9;1,5;4,5;10,8;9,5;15,5;0,08;0,2;0,4;115;200;600;0,19;0,16;0,9;3;75;200
6;5,1;7;1,3;1,5;4,5;10,7;9,5;15,5;0,12;0,2;0,4;174;200;600;0,2;0,16;0,9;4;75;200
6;5,1;7;2,4;1,5;4,5;12;9,5;15,5;0,22;0,2;0,4;386;200;600;0,32;0,16;0,9;5;75;200
6,8;5,1;7;1,4;1,5;4,5;10,5;9,5;15,5;0,16;0,2;0,4;305;200;600;0,29;0,16;0,9;8;75;200
7;5,1;7;2,2;1,5;4,5;10,3;9,5;15,5;0,23;0,2;0,4;436;200;600;0,38;0,16;0,9;11;75;200
5,9;5,1;7;1,1;1,5;4,5;9,9;9,5;15,5;0,12;0,2;0,4;69;200;600;0,19;0,16;0,9;3;75;200
5,2;5,1;7;1;1,5;4,5;11,3;9,5;15,5;0,09;0,2;0,4;49;200;600;0,14;0,16;0,9;2;75;200
6,6;5,1;7;1,7;1,5;4,5;10,2;9,5;15,5;0,17;0,2;0,4;199;200;600;0,26;0,16;0,9;7;75;200
7,7;5,1;7;2;1,5;4,5;10,7;9,5;15,5;0,2;0,2;0,4;481;200;600;0,31;0,16;0,9;8;75;200
7,3;5,1;7;1,6;1,5;4,5;9,7;9,5;15,5;0,18;0,2;0,4;310;200;600;0,3;0,16;0,9;6;75;200
6,4;5,1;7;1,4;1,5;4,5;9,6;9,5;15,5;0,14;0,2;0,4;116;200;600;0,27;0,16;0,9;6;75;200
7,2;5,1;7;1,6;1,5;4,5;9,8;9,5;15,5;0,16;0,2;0,4;306;200;600;0,27;0,16;0,9;6;75;200
5,7;5,1;7;0,9;1,5;4,5;10,5;9,5;15,5;0,08;0,2;0,4;73;200;600;0,18;0,16;0,9;2;75;200
6,4;5,1;7;0,7;1,5;4,5;11,9;9,5;15,5;0,06;0,2;0,4;40;200;600;0,19;0,16;0,9;3;75;200
5,6;5,1;7;1,1;1,5;4,5;9,8;9,5;15,5;0,11;0,2;0,4;94;200;600;0,16;0,16;0,9;4;75;200
6;5,1;7;1;1,5;4,5;11;9,5;15,5;0,09;0,2;0,4;115;200;600;0,18;0,16;0,9;4;75;200
6,4;5,1;7;2,8;1,5;4,5;12,7;9,5;15,5;0,24;0,2;0,4;361;200;600;0,39;0,16;0,9;8;75;200
6,2;5,1;7;3,6;1,5;4,5;11,8;9,5;15,5;0,34;0,2;0,4;395;200;600;0,3;0,16;0,9;11;75;200
5,5;5,1;7;2,3;1,5;4,5;12;9,5;15,5;0,18;0,2;0,4;170;200;600;0,34;0,16;0,9;1;75;200
5,5;5,1;7;1,3;1,5;4,5;11,5;9,5;15,5;0,11;0,2;0,4;303;200;600;0,17;0,16;0,9;2;75;200
5,9;5,1;7;3,6;1,5;4,5;11,9;9,5;15,5;0,31;0,2;0,4;549;200;600;0,25;0,16;0,9;10;75;200
5,4;5,1;7;1,9;1,5;4,5;13,9;9,5;15,5;0,14;0,2;0,4;45;200;600;0,24;0,16;0,9;1;75;200
6,5;5,1;7;2,4;1,5;4,5;10,3;9,5;15,5;0,23;0,2;0,4;483;200;600;0,34;0,16;0,9;11;75;200
7;5,1;7;5,2;1,5;4,5;11,3;9,5;15,5;0,51;0,2;0,4;739;200;600;0,53;0,16;0,9;16;75;200
6,7;5,1;7;1,4;1,5;4,5;12,3;9,5;15,5;0,11;0,2;0,4;244;200;600;0,11;0,16;0,9;10;75;200
7;5,1;7;3;1,5;4,5;12,5;9,5;15,5;0,26;0,2;0,4;546;200;600;0,3;0,16;0,9;12;75;200
6,6;5,1;7;5,4;1,5;4,5;12,9;9,5;15,5;0,46;0,2;0,4;510;200;600;0,37;0,16;0,9;18;75;200
5,1;5,1;7;2,3;1,5;4,5;13,2;9,5;15,5;0,17;0,2;0,4;401;200;600;0,21;0,16;0,9;1;75;200
5,2;5,1;7;3,2;1,5;4,5;11,8;9,5;15,5;0,27;0,2;0,4;454;200;600;0,31;0,16;0,9;1;75;200
5,8;5,1;7;0,8;1,5;4,5;11,9;9,5;15,5;0,07;0,2;0,4;247;200;600;0,11;0,16;0,9;2;75;200
6,7;5,1;7;1,7;1,5;4,5;11,9;9,5;15,5;0,17;0,2;0,4;10;200;600;0,29;0,16;0,9;11;75;200
6,3;5,1;7;1,7;1,5;4,5;11,3;9,5;15,5;0,18;0,2;0,4;10;200;600;0,3;0,16;0,9;10;75;200
7;5,1;7;3,3;1,5;4,5;12,1;9,5;15,5;0,28;0,2;0,4;503;200;600;0,4;0,16;0,9;11;75;200
5,7;5,1;7;0,9;1,5;4,5;12,3;9,5;15,5;0,09;0,2;0,4;48;200;600;0,1;0,16;0,9;6;75;200
6,6;5,1;7;0,6;1,5;4,5;10,6;9,5;15,5;0,06;0,2;0,4;52;200;600;0,16;0,16;0,9;5;75;200
6,5;5,1;7;3,4;1,5;4,5;11,8;9,5;15,5;0,34;0,2;0,4;428;200;600;0,38;0,16;0,9;13;75;200
5;5,1;7;2,9;1,5;4,5;13,5;9,5;15,5;0,2;0,2;0,4;314;200;600;0,26;0,16;0,9;1;75;200
7,1;5,1;7;3,2;1,5;4,5;11;9,5;15,5;0,32;0,2;0,4;452;200;600;0,48;0,16;0,9;11;75;200
6,7;5,1;7;2,2;1,5;4,5;10;9,5;15,5;0,22;0,2;0,4;412;200;600;0,34;0,16;0,9;12;75;200
5,3;5,1;7;1,7;1,5;4,5;10,2;9,5;15,5;0,19;0,2;0,4;211;200;600;0,31;0,16;0,9;3;75;200
6,7;5,1;7;2,3;1,5;4,5;10,6;9,5;15,5;0,22;0,2;0,4;597;200;600;0,35;0,16;0,9;10;75;200
5,8;5,1;7;1,2;1,5;4,5;11,6;9,5;15,5;0,11;0,2;0,4;98;200;600;0,21;0,16;0,9;3;75;200
7,6;5,1;7;1,9;1,5;4,5;12,4;9,5;15,5;0,17;0,2;0,4;412;200;600;0,36;0,16;0,9;8;75;200
7,1;5,1;7;2,4;1,5;4,5;11;9,5;15,5;0,23;0,2;0,4;515;200;600;0,39;0,16;0,9;9;75;200
5,8;5,1;7;2,9;1,5;4,5;12,1;9,5;15,5;0,23;0,2;0,4;321;200;600;0,35;0,16;0,9;4;75;200
5,4;5,1;7;2,3;1,5;4,5;11,9;9,5;15,5;0,2;0,2;0,4;509;200;600;0,22;0,16;0,9;1;75;200
7,4;5,1;7;3,8;1,5;4,5;10,7;9,5;15,5;0,39;0,2;0,4;466;200;600;0,35;0,16;0,9;14;75;200
6,3;5,1;7;2,4;1,5;4,5;12;9,5;15,5;0,21;0,2;0,4;187;200;600;0,35;0,16;0,9;8;75;200
7,7;5,1;7;2,3;1,5;4,5;9;9,5;15,5;0,26;0,2;0,4;652;200;600;0,43;0,16;0,9;7;75;200
6,3;5,1;7;2,1;1,5;4,5;10,7;9,5;15,5;0,18;0,2;0,4;93;200;600;0,31;0,16;0,9;6;75;200
5,2;5,1;7;2;1,5;4,5;13,2;9,5;15,5;0,16;0,2;0,4;504;200;600;0,23;0,16;0,9;1;75;200
6,6;5,1;7;4,9;1,5;4,5;11,3;9,5;15,5;0,45;0,2;0,4;552;200;600;0,46;0,16;0,9;16;75;200
5,6;5,1;7;1,7;1,5;4,5;11,9;9,5;15,5;0,18;0,2;0,4;258;200;600;0,24;0,16;0,9;1;75;200
5,6;5,1;7;3,2;1,5;4,5;12,8;9,5;15,5;0,3;0,2;0,4;273;200;600;0,29;0,16;0,9;3;75;200
5,8;5,1;7;2,9;1,5;4,5;11,2;9,5;15,5;0,27;0,2;0,4;346;200;600;0,31;0,16;0,9;5;75;200
5,3;5,1;7;2,1;1,5;4,5;11,7;9,5;15,5;0,21;0,2;0,4;261;200;600;0,25;0,16;0,9;1;75;200
4,8;5,1;7;2,2;1,5;4,5;13,5;9,5;15,5;0,21;0,2;0,4;187;200;600;0,23;0,16;0,9;1;75;200
6;5,1;7;2,9;1,5;4,5;11,5;9,5;15,5;0,28;0,2;0,4;628;200;600;0,28;0,16;0,9;8;75;200
5;5,1;7;1,9;1,5;4,5;11;9,5;15,5;0,17;0,2;0,4;294;200;600;0,21;0,16;0,9;1;75;200
6,2;5,1;7;2,9;1,5;4,5;11,9;9,5;15,5;0,29;0,2;0,4;403;200;600;0,31;0,16;0,9;8;75;200
4,8;5,1;7;2,1;1,5;4,5;12,5;9,5;15,5;0,21;0,2;0,4;190;200;600;0,25;0,16;0,9;1;75;200
5,3;5,1;7;1,4;1,5;4,5;12,5;9,5;15,5;0,13;0,2;0,4;87;200;600;0,2;0,16;0,9;1;75;200
5,4;5,1;7;3,4;1,5;4,5;11,7;9,5;15,5;0,3;0,2;0,4;420;200;600;0,21;0,16;0,9;1;75;200
5,5;5,1;7;3,9;1,5;4,5;12,7;9,5;15,5;0,33;0,2;0,4;372;200;600;0,39;0,16;0,9;1;75;200
5,2;5,1;7;1,9;1,5;4,5;11,8;9,5;15,5;0,2;0,2;0,4;269;200;600;0,24;0,16;0,9;1;75;200
5,6;5,1;7;1,4;1,5;4,5;11,8;9,5;15,5;0,13;0,2;0,4;127;200;600;0,2;0,16;0,9;2;75;200
5,6;5,1;7;2,4;1,5;4,5;11,1;9,5;15,5;0,23;0,2;0,4;161;200;600;0,26;0,16;0,9;1;75;200
5,4;5,1;7;2,8;1,5;4,5;13,2;9,5;15,5;0,23;0,2;0,4;495;200;600;0,21;0,16;0,9;1;75;200
5,3;5,1;7;2,2;1,5;4,5;11,8;9,5;15,5;0,21;0,2;0,4;349;200;600;0,28;0,16;0,9;1;75;200
4,7;5,1;7;1,1;1,5;4,5;13,7;9,5;15,5;0,09;0,2;0,4;105;200;600;0,17;0,16;0,9;1;75;200
5;5,1;7;2,3;1,5;4,5;13;9,5;15,5;0,2;0,2;0,4;315;200;600;0,24;0,16;0,9;1;75;200
5,1;5,1;7;1,5;1,5;4,5;11,5;9,5;15,5;0,14;0,2;0,4;63;200;600;0,19;0,16;0,9;1;75;200
5,9;5,1;7;2,4;1,5;4,5;11,5;9,5;15,5;0,24;0,2;0,4;274;200;600;0,3;0,16;0,9;5;75;200
5,2;5,1;7;1,6;1,5;4,5;11,5;9,5;15,5;0,16;0,2;0,4;106;200;600;0,18;0,16;0,9;1;75;200
5;5,1;7;1,6;1,5;4,5;11,9;9,5;15,5;0,19;0,2;0,4;173;200;600;0,23;0,16;0,9;1;75;200
5,3;5,1;7;2,2;1,5;4,5;11,4;9,5;15,5;0,21;0,2;0,4;420;200;600;0,2;0,16;0,9;1;75;200
5,3;5,1;7;1,3;1,5;4,5;11,8;9,5;15,5;0,12;0,2;0,4;179;200;600;0,2;0,16;0,9;2;75;200
6,1;5,1;7;2,5;1,5;4,5;10,4;9,5;15,5;0,25;0,2;0,4;391;200;600;0,27;0,16;0,9;7;75;200
5,2;5,1;7;1,5;1,5;4,5;12,6;9,5;15,5;0,13;0,2;0,4;81;200;600;0,2;0,16;0,9;1;75;200
5,3;5,1;7;2,6;1,5;4,5;12,3;9,5;15,5;0,23;0,2;0,4;660;200;600;0,22;0,16;0,9;1;75;200
5,8;5,1;7;1,8;1,5;4,5;13,8;9,5;15,5;0,16;0,2;0,4;215;200;600;0,21;0,16;0,9;3;75;200
6,2;5,1;7;2,7;1,5;4,5;12,4;9,5;15,5;0,24;0,2;0,4;323;200;600;0,27;0,16;0,9;6;75;200
6,1;5,1;7;3,3;1,5;4,5;13,5;9,5;15,5;0,25;0,2;0,4;409;200;600;0,25;0,16;0,9;3;75;200
7,1;5,1;7;3,6;1,5;4,5;9,3;9,5;15,5;0,33;0,2;0,4;786;200;600;0,36;0,16;0,9;13;75;200
6,5;5,1;7;2,9;1,5;4,5;10,6;9,5;15,5;0,27;0,2;0,4;508;200;600;0,27;0,16;0,9;10;75;200
6,2;5,1;7;2,4;1,5;4,5;11,7;9,5;15,5;0,22;0,2;0,4;224;200;600;0,24;0,16;0,9;5;75;200
5,4;5,1;7;2,3;1,5;4,5;9,7;9,5;15,5;0,22;0,2;0,4;342;200;600;0,23;0,16;0,9;2;75;200
6,4;5,1;7;3,5;1,5;4,5;11,6;9,5;15,5;0,28;0,2;0,4;374;200;600;0,28;0,16;0,9;7;75;200
5,6;5,1;7;3,8;1,5;4,5;11,3;9,5;15,5;0,32;0,2;0,4;378;200;600;0,3;0,16;0,9;2;75;200
6,2;5,1;7;4,4;1,5;4,5;11,1;9,5;15,5;0,39;0,2;0,4;604;200;600;0,35;0,16;0,9;10;75;200
5,2;5,1;7;4,2;1,5;4,5;14,6;9,5;15,5;0,31;0,2;0,4;400;200;600;0,26;0,16;0,9;1;75;200
5,2;5,1;7;2,2;1,5;4,5;12,7;9,5;15,5;0,19;0,2;0,4;298;200;600;0,22;0,16;0,9;1;75;200
5,8;5,1;7;3,5;1,5;4,5;12,2;9,5;15,5;0,27;0,2;0,4;251;200;600;0,2;0,16;0,9;1;75;200
5,7;5,1;7;2;1,5;4,5;10,7;9,5;15,5;0,21;0,2;0,4;378;200;600;0,24;0,16;0,9;3;75;200
6,2;5,1;7;3,2;1,5;4,5;10,4;9,5;15,5;0,28;0,2;0,4;253;200;600;0,26;0,16;0,9;6;75;200
5,7;5,1;7;2,6;1,5;4,5;12,4;9,5;15,5;0,24;0,2;0,4;303;200;600;0,22;0,16;0,9;2;75;200
5,6;5,1;7;2,6;1,5;4,5;12,4;9,5;15,5;0,22;0,2;0,4;232;200;600;0,21;0,16;0,9;1;75;200
6,9;5,1;7;3,9;1,5;4,5;11,8;9,5;15,5;0,29;0,2;0,4;481;200;600;0,36;0,16;0,9;14;75;200
6,5;5,1;7;4,3;1,5;4,5;11,9;9,5;15,5;0,38;0,2;0,4;243;200;600;0,35;0,16;0,9;10;75;200
6,9;5,1;7;2,7;1,5;4,5;11,5;9,5;15,5;0,24;0,2;0,4;471;200;600;0,36;0,16;0,9;12;75;200
5,9;5,1;7;3,1;1,5;4,5;12,7;9,5;15,5;0,26;0,2;0,4;314;200;600;0,25;0,16;0,9;3;75;200
5,7;5,1;7;2,7;1,5;4,5;12;9,5;15,5;0,21;0,2;0,4;196;200;600;0,23;0,16;0,9;1;75;200
5,7;5,1;7;2;1,5;4,5;13,8;9,5;15,5;0,19;0,2;0,4;308;200;600;0,2;0,16;0,9;2;75;200
6,3;5,1;7;3,5;1,5;4,5;12,8;9,5;15,5;0,28;0,2;0,4;295;200;600;0,29;0,16;0,9;5;75;200
6,2;5,1;7;3,8;1,5;4,5;12,3;9,5;15,5;0,31;0,2;0,4;389;200;600;0,33;0,16;0,9;7;75;200
6,3;5,1;7;3,2;1,5;4,5;11,6;9,5;15,5;0,26;0,2;0,4;275;200;600;0,29;0,16;0,9;6;75;200
5,6;5,1;7;3,9;1,5;4,5;14,8;9,5;15,5;0,28;0,2;0,4;431;200;600;0,24;0,16;0,9;1;75;200
6;5,1;7;3,6;1,5;4,5;11,7;9,5;15,5;0,29;0,2;0,4;371;200;600;0,26;0,16;0,9;5;75;200
5,3;5,1;7;3,7;1,5;4,5;14,1;9,5;15,5;0,26;0,2;0,4;210;200;600;0,27;0,16;0,9;1;75;200
5,3;5,1;7;5,1;1,5;4,5;13;9,5;15,5;0,41;0,2;0,4;339;200;600;0,25;0,16;0,9;1;75;200
5,4;5,1;7;1,8;1,5;4,5;11,8;9,5;15,5;0,15;0,2;0,4;69;200;600;0,21;0,16;0,9;2;75;200
5,3;5,1;7;0,8;1,5;4,5;10,2;9,5;15,5;0,07;0,2;0,4;111;200;600;0,12;0,16;0,9;1;75;200
5,3;5,1;7;1,8;1,5;4,5;11;9,5;15,5;0,14;0,2;0,4;376;200;600;0,24;0,16;0,9;1;75;200
6,1;5,1;7;1,2;1,5;4,5;11,7;9,5;15,5;0,1;0,2;0,4;209;200;600;0,2;0,16;0,9;3;75;200
6,4;5,1;7;2,2;1,5;4,5;11,9;9,5;15,5;0,17;0,2;0,4;248;200;600;0,25;0,16;0,9;3;75;200
5,8;5,1;7;0,8;1,5;4,5;10,9;9,5;15,5;0,07;0,2;0,4;92;200;600;0,14;0,16;0,9;1;75;200
6;5,1;7;1;1,5;4,5;10,9;9,5;15,5;0,09;0,2;0,4;73;200;600;0,19;0,16;0,9;3;75;200
7,1;5,1;7;1,9;1,5;4,5;12,4;9,5;15,5;0,16;0,2;0,4;350;200;600;0,29;0,16;0,9;4;75;200
6,1;5,1;7;1,1;1,5;4,5;10,9;9,5;15,5;0,09;0,2;0,4;226;200;600;0,2;0,16;0,9;2;75;200
5,8;5,1;7;0,9;1,5;4,5;10,4;9,5;15,5;0,08;0,2;0,4;332;200;600;0,17;0,16;0,9;2;75;200
6,7;5,1;7;1;1,5;4,5;10,7;9,5;15,5;0,09;0,2;0,4;165;200;600;0,22;0,16;0,9;3;75;200
5,6;5,1;7;0,7;1,5;4,5;11,6;9,5;15,5;0,06;0,2;0,4;118;200;600;0,13;0,16;0,9;1;75;200
5,6;5,1;7;1,8;1,5;4,5;11,2;9,5;15,5;0,15;0,2;0,4;262;200;600;0,22;0,16;0,9;1;75;200
5,7;5,1;7;0,9;1,5;4,5;12,6;9,5;15,5;0,07;0,2;0,4;159;200;600;0,14;0,16;0,9;1;75;200
5,5;5,1;7;0,7;1,5;4,5;11,4;9,5;15,5;0,07;0,2;0,4;280;200;600;0,16;0,16;0,9;5;75;200
6,3;5,1;7;1,8;1,5;4,5;11,2;9,5;15,5;0,15;0,2;0,4;337;200;600;0,26;0,16;0,9;6;75;200
6,6;5,1;7;1,6;1,5;4,5;10,4;9,5;15,5;0,14;0,2;0,4;227;200;600;0,25;0,16;0,9;5;75;200
5,5;5,1;7;1,4;1,5;4,5;11,2;9,5;15,5;0,12;0,2;0,4;107;200;600;0,19;0,16;0,9;1;75;200
5,7;5,1;7;0,7;1,5;4,5;11,1;9,5;15,5;0,06;0,2;0,4;394;200;600;0,14;0,16;0,9;2;75;200
6,7;5,1;7;1,3;1,5;4,5;11;9,5;15,5;0,12;0,2;0,4;99;200;600;0,16;0,16;0,9;8;75;200
6,6;5,1;7;1,5;1,5;4,5;9,4;9,5;15,5;0,14;0,2;0,4;207;200;600;0,27;0,16;0,9;7;75;200
6,6;5,1;7;0,8;1,5;4,5;9,8;9,5;15,5;0,08;0,2;0,4;197;200;600;0,19;0,16;0,9;8;75;200
6,5;5,1;7;1,9;1,5;4,5;10,9;9,5;15,5;0,17;0,2;0,4;82;200;600;0,3;0,16;0,9;6;75;200
6,7;5,1;7;1,4;1,5;4,5;10,5;9,5;15,5;0,14;0,2;0,4;208;200;600;0,17;0,16;0,9;8;75;200
6,7;5,1;7;1,3;1,5;4,5;10;9,5;15,5;0,12;0,2;0,4;187;200;600;0,28;0,16;0,9;7;75;200
6,3;5,1;7;1,3;1,5;4,5;10,8;9,5;15,5;0,14;0,2;0,4;158;200;600;0,13;0,16;0,9;8;75;200
6,7;5,1;7;1,1;1,5;4,5;11;9,5;15,5;0,11;0,2;0,4;88;200;600;0,15;0,16;0,9;8;75;200
6,7;5,1;7;1,2;1,5;4,5;10,8;9,5;15,5;0,12;0,2;0,4;269;200;600;0,14;0,16;0,9;8;75;200
6,8;5,1;7;1,2;1,5;4,5;10,9;9,5;15,5;0,11;0,2;0,4;23;200;600;0,16;0,16;0,9;7;75;200
6,7;5,1;7;1,5;1,5;4,5;11,2;9,5;15,5;0,13;0,2;0,4;318;200;600;0,19;0,16;0,9;10;75;200
6;5,1;7;2,3;1,5;4,5;11,3;9,5;15,5;0,17;0,2;0,4;54;200;600;0,27;0,16;0,9;2;75;200
6,5;5,1;7;2,1;1,5;4,5;9,4;9,5;15,5;0,18;0,2;0,4;317;200;600;0,32;0,16;0,9;9;75;200
6,1;5,1;7;1,4;1,5;4,5;10,7;9,5;15,5;0,13;0,2;0,4;202;200;600;0,19;0,16;0,9;9;75;200
6,7;5,1;7;1,3;1,5;4,5;11,4;9,5;15,5;0,11;0,2;0,4;153;200;600;0,19;0,16;0,9;9;75;200
6,5;5,1;7;2,1;1,5;4,5;10;9,5;15,5;0,18;0,2;0,4;251;200;600;0,32;0,16;0,9;7;75;200
6,7;5,1;7;1,4;1,5;4,5;10,6;9,5;15,5;0,13;0,2;0,4;223;200;600;0,28;0,16;0,9;6;75;200
6,3;5,1;7;1,5;1,5;4,5;9,6;9,5;15,5;0,14;0,2;0,4;157;200;600;0,25;0,16;0,9;4;75;200
6,3;5,1;7;1,7;1,5;4,5;10,6;9,5;15,5;0,13;0,2;0,4;278;200;600;0,22;0,16;0,9;4;75;200
7;5,1;7;2,6;1,5;4,5;10;9,5;15,5;0,22;0,2;0,4;418;200;600;0,35;0,16;0,9;6;75;200
6,2;5,1;7;1;1,5;4,5;10,6;9,5;15,5;0,11;0,2;0,4;114;200;600;0,21;0,16;0,9;3;75;200
6,5;5,1;7;1,7;1,5;4,5;10,3;9,5;15,5;0,15;0,2;0,4;353;200;600;0,26;0,16;0,9;10;75;200
6,5;5,1;7;1,5;1,5;4,5;9,9;9,5;15,5;0,13;0,2;0,4;250;200;600;0,27;0,16;0,9;6;75;200
6,5;5,1;7;2,3;1,5;4,5;9,9;9,5;15,5;0,16;0,2;0,4;351;200;600;0,3;0,16;0,9;7;75;200
6,8;5,1;7;1,4;1,5;4,5;11,8;9,5;15,5;0,11;0,2;0,4;105;200;600;0,2;0,16;0,9;8;75;200
6,4;5,1;7;1,3;1,5;4,5;10,4;9,5;15,5;0,12;0,2;0,4;135;200;600;0,27;0,16;0,9;7;75;200
5,6;5,1;7;1,2;1,5;4,5;10,5;9,5;15,5;0,12;0,2;0,4;112;200;600;0,19;0,16;0,9;1;75;200
6,5;5,1;7;1,2;1,5;4,5;10,8;9,5;15,5;0,12;0,2;0,4;269;200;600;0,15;0,16;0,9;8;75;200
6;5,1;7;1,5;1,5;4,5;11;9,5;15,5;0,14;0,2;0,4;138;200;600;0,25;0,16;0,9;4;75;200
6,6;5,1;7;1,2;1,5;4,5;11,2;9,5;15,5;0,12;0,2;0,4;124;200;600;0,25;0,16;0,9;7;75;200
6,7;5,1;7;1,4;1,5;4,5;10,2;9,5;15,5;0,12;0,2;0,4;191;200;600;0,12;0,16;0,9;10;75;200
6,2;5,1;7;1,3;1,5;4,5;11,5;9,5;15,5;0,11;0,2;0,4;126;200;600;0,21;0,16;0,9;5;75;200
6,8;5,1;7;1,4;1,5;4,5;10,9;9,5;15,5;0,12;0,2;0,4;285;200;600;0,17;0,16;0,9;10;75;200
6,8;5,1;7;1,1;1,5;4,5;10;9,5;15,5;0,11;0,2;0,4;132;200;600;0,16;0,16;0,9;7;75;200
6,7;5,1;7;1,3;1,5;4,5;11;9,5;15,5;0,13;0,2;0,4;217;200;600;0,17;0,16;0,9;11;75;200
6,2;5,1;7;1,1;1,5;4,5;10,8;9,5;15,5;0,1;0,2;0,4;72;200;600;0,16;0,16;0,9;4;75;200
6,8;5,1;7;1,1;1,5;4,5;10,6;9,5;15,5;0,11;0,2;0,4;112;200;600;0,16;0,16;0,9;7;75;200
6,3;5,1;7;1,3;1,5;4,5;10,5;9,5;15,5;0,11;0,2;0,4;142;200;600;0,25;0,16;0,9;6;75;200
6,6;5,1;7;1;1,5;4,5;10,8;9,5;15,5;0,11;0,2;0,4;127;200;600;0,23;0,16;0,9;5;75;200
6,2;5,1;7;0,8;1,5;4,5;12,1;9,5;15,5;0,07;0,2;0,4;36;200;600;0,15;0,16;0,9;4;75;200
6,2;5,1;7;2,7;1,5;4,5;11,4;9,5;15,5;0,25;0,2;0,4;296;200;600;0,32;0,16;0,9;5;75;200
6,5;5,1;7;0,8;1,5;4,5;13,2;9,5;15,5;0,06;0,2;0,4;23;200;600;0,18;0,16;0,9;2;75;200
5,5;5,1;7;1,2;1,5;4,5;10,1;9,5;15,5;0,1;0,2;0,4;39;200;600;0,18;0,16;0,9;3;75;200
6,2;5,1;7;2;1,5;4,5;11,6;9,5;15,5;0,16;0,2;0,4;348;200;600;0,23;0,16;0,9;4;75;200
6,2;5,1;7;2,3;1,5;4,5;11,6;9,5;15,5;0,17;0,2;0,4;404;200;600;0,22;0,16;0,9;5;75;200
6,2;5,1;7;1,8;1,5;4,5;10,9;9,5;15,5;0,15;0,2;0,4;305;200;600;0,26;0,16;0,9;4;75;200
6,2;5,1;7;0,9;1,5;4,5;12,8;9,5;15,5;0,07;0,2;0,4;100;200;600;0,22;0,16;0,9;3;75;200
6,2;5,1;7;1,7;1,5;4,5;11,4;9,5;15,5;0,14;0,2;0,4;401;200;600;0,23;0,16;0,9;3;75;200
5,9;5,1;7;0,8;1,5;4,5;11,5;9,5;15,5;0,06;0,2;0,4;10;200;600;0,16;0,16;0,9;2;75;200
5,7;5,1;7;1,2;1,5;4,5;10,5;9,5;15,5;0,11;0,2;0,4;151;200;600;0,19;0,16;0,9;2;75;200
6,2;5,1;7;1,3;1,5;4,5;10,1;9,5;15,5;0,12;0,2;0,4;158;200;600;0,24;0,16;0,9;5;75;200
5,8;5,1;7;1;1,5;4,5;13,1;9,5;15,5;0,08;0,2;0,4;161;200;600;0,16;0,16;0,9;1;75;200
5,9;5,1;7;1,7;1,5;4,5;11,6;9,5;15,5;0,14;0,2;0,4;133;200;600;0,22;0,16;0,9;3;75;200
6,3;5,1;7;0,4;1,5;4,5;13,9;9,5;15,5;0,03;0,2;0,4;79;200;600;0,15;0,16;0,9;2;75;200
6,2;5,1;7;3,3;1,5;4,5;12;9,5;15,5;0,3;0,2;0,4;458;200;600;0,34;0,16;0,9;7;75;200
6,3;5,1;7;1,9;1,5;4,5;10,1;9,5;15,5;0,17;0,2;0,4;369;200;600;0,28;0,16;0,9;6;75;200
5,8;5,1;7;1,9;1,5;4,5;11,4;9,5;15,5;0,15;0,2;0,4;205;200;600;0,26;0,16;0,9;3;75;200
6,6;5,1;7;2,2;1,5;4,5;10,4;9,5;15,5;0,2;0,2;0,4;499;200;600;0,31;0,16;0,9;7;75;200
6,5;5,1;7;1;1,5;4,5;11,1;9,5;15,5;0,08;0,2;0,4;86;200;600;0,19;0,16;0,9;4;75;200
5,9;5,1;7;0,8;1,5;4,5;12,5;9,5;15,5;0,06;0,2;0,4;10;200;600;0,2;0,16;0,9;2;75;200
5,6;5,1;7;1,1;1,5;4,5;12,6;9,5;15,5;0,09;0,2;0,4;110;200;600;0,17;0,16;0,9;1;75;200
5,8;5,1;7;1,1;1,5;4,5;12,3;9,5;15,5;0,1;0,2;0,4;105;200;600;0,17;0,16;0,9;1;75;200
6;5,1;7;1,8;1,5;4,5;11,7;9,5;15,5;0,14;0,2;0,4;248;200;600;0,24;0,16;0,9;3;75;200
6;5,1;7;1,5;1,5;4,5;12,4;9,5;15,5;0,13;0,2;0,4;136;200;600;0,22;0,16;0,9;3;75;200
5,9;5,1;7;1,4;1,5;4,5;12,6;9,5;15,5;0,12;0,2;0,4;166;200;600;0,19;0,16;0,9;1;75;200
5,9;5,1;7;1,1;1,5;4,5;13,4;9,5;15,5;0,1;0,2;0,4;135;200;600;0,19;0,16;0,9;1;75;200
6;5,1;7;1,6;1,5;4,5;11,8;9,5;15,5;0,14;0,2;0,4;199;200;600;0,23;0,16;0,9;2;75;200
5,7;5,1;7;1,1;1,5;4,5;11;9,5;15,5;0,1;0,2;0,4;92;200;600;0,18;0,16;0,9;2;75;200
5,9;5,1;7;1,1;1,5;4,5;13,3;9,5;15,5;0,09;0,2;0,4;111;200;600;0,18;0,16;0,9;1;75;200
5,3;5,1;7;1;1,5;4,5;10,8;9,5;15,5;0,1;0,2;0,4;99;200;600;0,17;0,16;0,9;1;75;200
5,9;5,1;7;2;1,5;4,5;12,5;9,5;15,5;0,15;0,2;0,4;40;200;600;0,23;0,16;0,9;1;75;200
6;5,1;7;1,1;1,5;4,5;11,8;9,5;15,5;0,09;0,2;0,4;96;200;600;0,22;0,16;0,9;2;75;200
5,8;5,1;7;1,1;1,5;4,5;12,3;9,5;15,5;0,09;0,2;0,4;39;200;600;0,16;0,16;0,9;1;75;200
6,1;5,1;7;2;1,5;4,5;14,5;9,5;15,5;0,14;0,2;0,4;142;200;600;0,26;0,16;0,9;2;75;200
6;5,1;7;2,3;1,5;4,5;10,7;9,5;15,5;0,19;0,2;0,4;322;200;600;0,29;0,16;0,9;4;75;200
6,1;5,1;7;1,5;1,5;4,5;13,5;9,5;15,5;0,13;0,2;0,4;197;200;600;0,23;0,16;0,9;2;75;200
6,2;5,1;7;1,2;1,5;4,5;12,6;9,5;15,5;0,11;0,2;0,4;101;200;600;0,2;0,16;0,9;3;75;200
6,8;5,1;7;2,7;1,5;4,5;11,1;9,5;15,5;0,2;0,2;0,4;361;200;600;0,34;0,16;0,9;8;75;200
6,3;5,1;7;2,2;1,5;4,5;12,1;9,5;15,5;0,16;0,2;0,4;321;200;600;0,23;0,16;0,9;4;75;200
5,8;5,1;7;0,8;1,5;4,5;12,9;9,5;15,5;0,07;0,2;0,4;95;200;600;0,17;0,16;0,9;1;75;200
6,4;5,1;7;3,1;1,5;4,5;11,4;9,5;15,5;0,24;0,2;0,4;357;200;600;0,35;0,16;0,9;5;75;200
6,1;5,1;7;2;1,5;4,5;11,5;9,5;15,5;0,14;0,2;0,4;61;200;600;0,24;0,16;0,9;2;75;200
6,2;5,1;7;0,8;1,5;4,5;12,9;9,5;15,5;0,06;0,2;0,4;56;200;600;0,18;0,16;0,9;2;75;200
6,3;5,1;7;1,2;1,5;4,5;12,3;9,5;15,5;0,1;0,2;0,4;159;200;600;0,23;0,16;0,9;3;75;200
5,8;5,1;7;1,5;1,5;4,5;13,3;9,5;15,5;0,11;0,2;0,4;215;200;600;0,19;0,16;0,9;1;75;200
6,3;5,1;7;2,5;1,5;4,5;10,7;9,5;15,5;0,21;0,2;0,4;213;200;600;0,29;0,16;0,9;4;75;200
6,1;5,1;7;1,3;1,5;4,5;11,4;9,5;15,5;0,11;0,2;0,4;28;200;600;0,19;0,16;0,9;2;75;200
5,9;5,1;7;1,4;1,5;4,5;13,1;9,5;15,5;0,12;0,2;0,4;138;200;600;0,21;0,16;0,9;1;75;200
5,9;5,1;7;1,3;1,5;4,5;11,6;9,5;15,5;0,11;0,2;0,4;118;200;600;0,18;0,16;0,9;2;75;200
6,1;5,1;7;2,9;1,5;4,5;12,5;9,5;15,5;0,2;0,2;0,4;153;200;600;0,22;0,16;0,9;1;75;200
5,3;5,1;7;0,7;1,5;4,5;12;9,5;15,5;0,05;0,2;0,4;112;200;600;0,13;0,16;0,9;1;75;200
6,6;5,1;7;1,2;1,5;4,5;11,5;9,5;15,5;0,09;0,2;0,4;286;200;600;0,2;0,16;0,9;5;75;200
6,8;5,1;7;1,6;1,5;4,5;11;9,5;15,5;0,17;0,2;0,4;39;200;600;0,14;0,16;0,9;9;75;200
6,5;5,1;7;2,7;1,5;4,5;11,6;9,5;15,5;0,26;0,2;0,4;515;200;600;0,26;0,16;0,9;9;75;200
5,9;5,1;7;1,1;1,5;4,5;11,5;9,5;15,5;0,08;0,2;0,4;333;200;600;0,14;0,16;0,9;1;75;200
5,5;5,1;7;1;1,5;4,5;11,8;9,5;15,5;0,08;0,2;0,4;280;200;600;0,14;0,16;0,9;1;75;200
5,7;5,1;7;0,9;1,5;4,5;10,3;9,5;15,5;0,06;0,2;0,4;239;200;600;0,13;0,16;0,9;1;75;200
6,6;5,1;7;1,5;1,5;4,5;10,3;9,5;15,5;0,13;0,2;0,4;10;200;600;0,24;0,16;0,9;7;75;200
6,2;5,1;7;1,5;1,5;4,5;10,5;9,5;15,5;0,14;0,2;0,4;57;200;600;0,22;0,16;0,9;6;75;200
5,6;5,1;7;2,2;1,5;4,5;11,7;9,5;15,5;0,19;0,2;0,4;357;200;600;0,23;0,16;0,9;1;75;200
6,9;5,1;7;1,6;1,5;4,5;10,8;9,5;15,5;0,14;0,2;0,4;404;200;600;0,24;0,16;0,9;7;75;200
6,5;5,1;7;1,7;1,5;4,5;11,2;9,5;15,5;0,15;0,2;0,4;10;200;600;0,24;0,16;0,9;5;75;200
6,3;5,1;7;0,6;1,5;4,5;12,3;9,5;15,5;0,06;0,2;0,4;10;200;600;0,12;0,16;0,9;6;75;200
6,4;5,1;7;1,7;1,5;4,5;11,6;9,5;15,5;0,13;0,2;0,4;383;200;600;0,19;0,16;0,9;3;75;200
6,6;5,1;7;2,2;1,5;4,5;11,2;9,5;15,5;0,16;0,2;0,4;364;200;600;0,23;0,16;0,9;6;75;200
6;5,1;7;1;1,5;4,5;11,9;9,5;15,5;0,06;0,2;0,4;263;200;600;0,16;0,16;0,9;1;75;200
6,1;5,1;7;1,7;1,5;4,5;10,9;9,5;15,5;0,15;0,2;0,4;211;200;600;0,25;0,16;0,9;3;75;200
6;5,1;7;1;1,5;4,5;10,8;9,5;15,5;0,07;0,2;0,4;299;200;600;0,16;0,16;0,9;1;75;200
6,6;5,1;7;1,6;1,5;4,5;12;9,5;15,5;0,13;0,2;0,4;257;200;600;0,24;0,16;0,9;4;75;200
6,8;5,1;7;2,3;1,5;4,5;10,3;9,5;15,5;0,22;0,2;0,4;497;200;600;0,24;0,16;0,9;10;75;200
6,7;5,1;7;1,6;1,5;4,5;11,2;9,5;15,5;0,15;0,2;0,4;57;200;600;0,22;0,16;0,9;8;75;200
7;5,1;7;4,1;1,5;4,5;10,8;9,5;15,5;0,36;0,2;0,4;475;200;600;0,38;0,16;0,9;15;75;200
6,1;5,1;7;1,2;1,5;4,5;11,8;9,5;15,5;0,08;0,2;0,4;329;200;600;0,16;0,16;0,9;1;75;200
5,8;5,1;7;1,2;1,5;4,5;12,2;9,5;15,5;0,08;0,2;0,4;350;200;600;0,16;0,16;0,9;1;75;200
6,3;5,1;7;1,9;1,5;4,5;12,1;9,5;15,5;0,14;0,2;0,4;335;200;600;0,24;0,16;0,9;3;75;200
6,2;5,1;7;0,8;1,5;4,5;10,1;9,5;15,5;0,06;0,2;0,4;288;200;600;0,14;0,16;0,9;1;75;200
6,7;5,1;7;2,1;1,5;4,5;11,4;9,5;15,5;0,17;0,2;0,4;389;200;600;0,28;0,16;0,9;6;75;200
5,8;5,1;7;1,1;1,5;4,5;11,1;9,5;15,5;0,07;0,2;0,4;352;200;600;0,16;0,16;0,9;1;75;200
5,9;5,1;7;1,8;1,5;4,5;11,8;9,5;15,5;0,15;0,2;0,4;291;200;600;0,18;0,16;0,9;1;75;200
6,2;5,1;7;1;1,5;4,5;12;9,5;15,5;0,08;0,2;0,4;190;200;600;0,18;0,16;0,9;2;75;200
6,1;5,1;7;2;1,5;4,5;10,9;9,5;15,5;0,15;0,2;0,4;397;200;600;0,24;0,16;0,9;3;75;200
5,5;5,1;7;1,4;1,5;4,5;11,4;9,5;15,5;0,13;0,2;0,4;313;200;600;0,21;0,16;0,9;1;75;200
6,7;5,1;7;2,3;1,5;4,5;10,3;9,5;15,5;0,2;0,2;0,4;374;200;600;0,33;0,16;0,9;9;75;200
5,6;5,1;7;1,4;1,5;4,5;10,7;9,5;15,5;0,12;0,2;0,4;198;200;600;0,19;0,16;0,9;1;75;200
5,8;5,1;7;0,8;1,5;4,5;10,1;9,5;15,5;0,07;0,2;0,4;150;200;600;0,12;0,16;0,9;1;75;200
6,1;5,1;7;1,3;1,5;4,5;9,2;9,5;15,5;0,13;0,2;0,4;297;200;600;0,21;0,16;0,9;5;75;200
6,6;5,1;7;3,3;1,5;4,5;10;9,5;15,5;0,33;0,2;0,4;778;200;600;0,34;0,16;0,9;17;75;200
5,9;5,1;7;1,1;1,5;4,5;11;9,5;15,5;0,09;0,2;0,4;158;200;600;0,18;0,16;0,9;1;75;200
5;5,1;7;1,2;1,5;4,5;12,3;9,5;15,5;0,09;0,2;0,4;159;200;600;0,16;0,16;0,9;1;75;200
5,9;5,1;7;1,3;1,5;4,5;11,9;9,5;15,5;0,11;0,2;0,4;283;200;600;0,18;0,16;0,9;3;75;200
6,5;5,1;7;1,6;1,5;4,5;11,4;9,5;15,5;0,14;0,2;0,4;121;200;600;0,31;0,16;0,9;7;75;200
6,4;5,1;7;1,4;1,5;4,5;10,4;9,5;15,5;0,12;0,2;0,4;100;200;600;0,27;0,16;0,9;5;75;200
5,9;5,1;7;1,5;1,5;4,5;11,4;9,5;15,5;0,12;0,2;0,4;296;200;600;0,24;0,16;0,9;2;75;200
5,8;5,1;7;3,9;1,5;4,5;11;9,5;15,5;0,42;0,2;0,4;829;200;600;0,37;0,16;0,9;14;75;200
6,9;5,1;7;2;1,5;4,5;9,4;9,5;15,5;0,15;0,2;0,4;463;200;600;0,34;0,16;0,9;8;75;200
5,3;5,1;7;1,6;1,5;4,5;11,5;9,5;15,5;0,13;0,2;0,4;244;200;600;0,2;0,16;0,9;1;75;200
5,2;5,1;7;2,1;1,5;4,5;12,5;9,5;15,5;0,18;0,2;0,4;321;200;600;0,2;0,16;0,9;1;75;200
6,1;5,1;7;2,2;1,5;4,5;9,9;9,5;15,5;0,2;0,2;0,4;637;200;600;0,28;0,16;0,9;4;75;200
7,4;5,1;7;1,5;1,5;4,5;11,4;9,5;15,5;0,13;0,2;0,4;328;200;600;0,27;0,16;0,9;5;75;200
5,2;5,1;7;2;1,5;4,5;11,7;9,5;15,5;0,18;0,2;0,4;482;200;600;0,22;0,16;0,9;1;75;200
5,7;5,1;7;0,8;1,5;4,5;10,5;9,5;15,5;0,06;0,2;0,4;50;200;600;0,1;0,16;0,9;1;75;200
6;5,1;7;1,1;1,5;4,5;12,5;9,5;15,5;0,09;0,2;0,4;173;200;600;0,18;0,16;0,9;1;75;200
5,6;5,1;7;0,7;1,5;4,5;12,3;9,5;15,5;0,05;0,2;0,4;10;200;600;0,14;0,16;0,9;1;75;200
5,7;5,1;7;1;1,5;4,5;11,4;9,5;15,5;0,09;0,2;0,4;305;200;600;0,18;0,16;0,9;1;75;200
5,4;5,1;7;1,5;1,5;4,5;11,5;9,5;15,5;0,14;0,2;0,4;371;200;600;0,19;0,16;0,9;1;75;200
5,8;5,1;7;0,9;1,5;4,5;12,4;9,5;15,5;0,08;0,2;0,4;112;200;600;0,16;0,16;0,9;1;75;200
6,1;5,1;7;1,1;1,5;4,5;10,1;9,5;15,5;0,11;0,2;0,4;196;200;600;0,21;0,16;0,9;4;75;200
6,2;5,1;7;1,4;1,5;4,5;9,3;9,5;15,5;0,13;0,2;0,4;159;200;600;0,24;0,16;0,9;6;75;200
6,2;5,1;7;1;1,5;4,5;10,4;9,5;15,5;0,13;0,2;0,4;125;200;600;0,21;0,16;0,9;10;75;200
6;5,1;7;1;1,5;4,5;10,8;9,5;15,5;0,09;0,2;0,4;97;200;600;0,18;0,16;0,9;3;75;200
6,4;5,1;7;1,7;1,5;4,5;8,9;9,5;15,5;0,16;0,2;0,4;469;200;600;0,31;0,16;0,9;13;75;200
6,3;5,1;7;1,4;1,5;4,5;9,8;9,5;15,5;0,12;0,2;0,4;415;200;600;0,27;0,16;0,9;8;75;200
6,3;5,1;7;1,4;1,5;4,5;10,7;9,5;15,5;0,12;0,2;0,4;157;200;600;0,22;0,16;0,9;5;75;200
6,2;5,1;7;1,1;1,5;4,5;9,7;9,5;15,5;0,1;0,2;0,4;125;200;600;0,21;0,16;0,9;4;75;200
6;5,1;7;1,9;1,5;4,5;9,2;9,5;15,5;0,19;0,2;0,4;393;200;600;0,25;0,16;0,9;8;75;200
6,3;5,1;7;1,3;1,5;4,5;11,2;9,5;15,5;0,12;0,2;0,4;177;200;600;0,2;0,16;0,9;6;75;200
5,9;5,1;7;1,2;1,5;4,5;11,5;9,5;15,5;0,13;0,2;0,4;193;200;600;0,15;0,16;0,9;7;75;200
5,8;5,1;7;1,2;1,5;4,5;11;9,5;15,5;0,11;0,2;0,4;198;200;600;0,2;0,16;0,9;3;75;200
5,8;5,1;7;1;1,5;4,5;11,7;9,5;15,5;0,11;0,2;0,4;302;200;600;0,16;0,16;0,9;6;75;200
6,5;5,1;7;2;1,5;4,5;9,6;9,5;15,5;0,18;0,2;0,4;297;200;600;0,28;0,16;0,9;8;75;200
5,1;5,1;7;1,2;1,5;4,5;10,3;9,5;15,5;0,14;0,2;0,4;246;200;600;0,1;0,16;0,9;3;75;200
6,4;5,1;7;1,1;1,5;4,5;9,4;9,5;15,5;0,11;0,2;0,4;133;200;600;0,22;0,16;0,9;5;75;200
6,2;5,1;7;1;1,5;4,5;10,4;9,5;15,5;0,1;0,2;0,4;66;200;600;0,17;0,16;0,9;3;75;200
6,5;5,1;7;1,3;1,5;4,5;9,8;9,5;15,5;0,13;0,2;0,4;75;200;600;0,3;0,16;0,9;10;75;200
6,4;5,1;7;1,6;1,5;4,5;10,4;9,5;15,5;0,15;0,2;0,4;276;200;600;0,27;0,16;0,9;7;75;200
6,2;5,1;7;1,7;1,5;4,5;10,4;9,5;15,5;0,15;0,2;0,4;223;200;600;0,25;0,16;0,9;6;75;200
6,4;5,1;7;0,8;1,5;4,5;13,3;9,5;15,5;0,06;0,2;0,4;34;200;600;0,22;0,16;0,9;3;75;200
6;5,1;7;1,3;1,5;4,5;10,9;9,5;15,5;0,12;0,2;0,4;174;200;600;0,22;0,16;0,9;5;75;200
6,6;5,1;7;1;1,5;4,5;10,1;9,5;15,5;0,09;0,2;0,4;207;200;600;0,22;0,16;0,9;4;75;200
6;5,1;7;1,1;1,5;4,5;11,1;9,5;15,5;0,09;0,2;0,4;123;200;600;0,21;0,16;0,9;3;75;200
6,3;5,1;7;1,5;1,5;4,5;9,4;9,5;15,5;0,14;0,2;0,4;216;200;600;0,27;0,16;0,9;5;75;200
5,8;5,1;7;1;1,5;4,5;11,3;9,5;15,5;0,09;0,2;0,4;60;200;600;0,19;0,16;0,9;2;75;200
5,7;5,1;7;1,1;1,5;4,5;11,1;9,5;15,5;0,11;0,2;0,4;99;200;600;0,19;0,16;0,9;4;75;200
6,1;5,1;7;1,7;1,5;4,5;9,9;9,5;15,5;0,16;0,2;0,4;194;200;600;0,23;0,16;0,9;6;75;200
6,3;5,1;7;1,6;1,5;4,5;10,8;9,5;15,5;0,14;0,2;0,4;250;200;600;0,27;0,16;0,9;5;75;200
6,3;5,1;7;1;1,5;4,5;9,8;9,5;15,5;0,09;0,2;0,4;72;200;600;0,2;0,16;0,9;4;75;200
5,8;5,1;7;1,5;1,5;4,5;10,8;9,5;15,5;0,13;0,2;0,4;301;200;600;0,22;0,16;0,9;4;75;200
5,9;5,1;7;1,4;1,5;4,5;11,3;9,5;15,5;0,13;0,2;0,4;142;200;600;0,2;0,16;0,9;3;75;200
5,6;5,1;7;1;1,5;4,5;10,3;9,5;15,5;0,09;0,2;0,4;61;200;600;0,16;0,16;0,9;1;75;200
6,5;5,1;7;2,4;1,5;4,5;10,3;9,5;15,5;0,22;0,2;0,4;503;200;600;0,34;0,16;0,9;10;75;200
6,9;5,1;7;1,2;1,5;4,5;11,5;9,5;15,5;0,11;0,2;0,4;663;200;600;0,2;0,16;0,9;9;75;200
5;5,1;7;1,1;1,5;4,5;11,2;9,5;15,5;0,09;0,2;0,4;74;200;600;0,15;0,16;0,9;1;75;200
6,2;5,1;7;1,4;1,5;4,5;11,3;9,5;15,5;0,12;0,2;0,4;218;200;600;0,23;0,16;0,9;3;75;200
5,1;5,1;7;0,6;1,5;4,5;10;9,5;15,5;0,05;0,2;0,4;180;200;600;0,3;0,16;0,9;1;75;200
5,6;5,1;7;1,6;1,5;4,5;13;9,5;15,5;0,12;0,2;0,4;217;200;600;0,2;0,16;0,9;1;75;200
5,4;5,1;7;1,4;1,5;4,5;11,1;9,5;15,5;0,12;0,2;0,4;339;200;600;0,17;0,16;0,9;1;75;200
5,5;5,1;7;1,1;1,5;4,5;11,3;9,5;15,5;0,09;0,2;0,4;85;200;600;0,14;0,16;0,9;1;75;200
6,1;5,1;7;2;1,5;4,5;10,7;9,5;15,5;0,16;0,2;0,4;495;200;600;0,27;0,16;0,9;4;75;200
6,4;5,1;7;1,1;1,5;4,5;12,1;9,5;15,5;0,1;0,2;0,4;177;200;600;0,2;0,16;0,9;4;75;200
5,7;5,1;7;3,2;1,5;4,5;11,3;9,5;15,5;0,28;0,2;0,4;509;200;600;0,3;0,16;0,9;2;75;200
6,8;5,1;7;3,4;1,5;4,5;10,9;9,5;15,5;0,32;0,2;0,4;551;200;600;0,38;0,16;0,9;12;75;200
5,8;5,1;7;0,8;1,5;4,5;11,4;9,5;15,5;0,06;0,2;0,4;65;200;600;0,18;0,16;0,9;1;75;200
6,2;5,1;7;3,1;1,5;4,5;10,9;9,5;15,5;0,29;0,2;0,4;615;200;600;0,31;0,16;0,9;9;75;200
5,6;5,1;7;0,9;1,5;4,5;10,8;9,5;15,5;0,07;0,2;0,4;38;200;600;0,17;0,16;0,9;2;75;200
6,9;5,1;7;2,5;1,5;4,5;10,8;9,5;15,5;0,23;0,2;0,4;275;200;600;0,39;0,16;0,9;11;75;200
7;5,1;7;2,5;1,5;4,5;10,4;9,5;15,5;0,23;0,2;0,4;972;200;600;0,32;0,16;0,9;13;75;200
5,3;5,1;7;1,4;1,5;4,5;8,7;9,5;15,5;0,15;0,2;0,4;228;200;600;0,21;0,16;0,9;1;75;200
5,9;5,1;7;3,1;1,5;4,5;11,1;9,5;15,5;0,29;0,2;0,4;500;200;600;0,28;0,16;0,9;3;75;200
6;5,1;7;3,1;1,5;4,5;10,6;9,5;15,5;0,3;0,2;0,4;688;200;600;0,28;0,16;0,9;4;75;200
5,4;5,1;7;1,7;1,5;4,5;11,8;9,5;15,5;0,15;0,2;0,4;399;200;600;0,15;0,16;0,9;1;75;200
5,4;5,1;7;0,9;1,5;4,5;11,5;9,5;15,5;0,08;0,2;0,4;33;200;600;0,14;0,16;0,9;1;75;200
5,8;5,1;7;2,3;1,5;4,5;10,4;9,5;15,5;0,19;0,2;0,4;484;200;600;0,2;0,16;0,9;2;75;200
5,1;5,1;7;1,3;1,5;4,5;10,6;9,5;15,5;0,12;0,2;0,4;365;200;600;0,13;0,16;0,9;1;75;200
6,3;5,1;7;1,9;1,5;4,5;10,1;9,5;15,5;0,17;0,2;0,4;401;200;600;0,26;0,16;0,9;6;75;200
5,4;5,1;7;1,7;1,5;4,5;11,6;9,5;15,5;0,16;0,2;0,4;538;200;600;0,17;0,16;0,9;1;75;200
6,8;5,1;7;3,2;1,5;4,5;10,4;9,5;15,5;0,31;0,2;0,4;552;200;600;0,37;0,16;0,9;12;75;200
5,6;5,1;7;1,5;1,5;4,5;11,8;9,5;15,5;0,12;0,2;0,4;218;200;600;0,24;0,16;0,9;1;75;200
5,1;5,1;7;2,6;1,5;4,5;14;9,5;15,5;0,2;0,2;0,4;429;200;600;0,28;0,16;0,9;1;75;200
6,1;5,1;7;2,2;1,5;4,5;11,4;9,5;15,5;0,19;0,2;0,4;422;200;600;0,27;0,16;0,9;4;75;200
5,6;5,1;7;1,5;1,5;4,5;11,4;9,5;15,5;0,13;0,2;0,4;248;200;600;0,19;0,16;0,9;1;75;200
5,6;5,1;7;1,8;1,5;4,5;11,3;9,5;15,5;0,17;0,2;0,4;378;200;600;0,18;0,16;0,9;1;75;200
7,2;5,1;7;2,4;1,5;4,5;11,8;9,5;15,5;0,26;0,2;0,4;1131;200;600;0,39;0,16;0,9;13;75;200
5,5;5,1;7;1,8;1,5;4,5;11,2;9,5;15,5;0,16;0,2;0,4;337;200;600;0,2;0,16;0,9;1;75;200
5,8;5,1;7;1,9;1,5;4,5;12,5;9,5;15,5;0,14;0,2;0,4;173;200;600;0,27;0,16;0,9;1;75;200
6,8;5,1;7;2;1,5;4,5;10,1;9,5;15,5;0,17;0,2;0,4;848;200;600;0,29;0,16;0,9;9;75;200
5,8;5,1;7;1,1;1,5;4,5;11,3;9,5;15,5;0,09;0,2;0,4;223;200;600;0,22;0,16;0,9;2;75;200
6,1;5,1;7;1,8;1,5;4,5;9,2;9,5;15,5;0,17;0,2;0,4;259;200;600;0,3;0,16;0,9;6;75;200
5,5;5,1;7;1;1,5;4,5;11,1;9,5;15,5;0,09;0,2;0,4;47;200;600;0,16;0,16;0,9;1;75;200
6,3;5,1;7;0,7;1,5;4,5;11,9;9,5;15,5;0,07;0,2;0,4;157;200;600;0,17;0,16;0,9;3;75;200
5,7;5,1;7;1,3;1,5;4,5;10;9,5;15,5;0,12;0,2;0,4;134;200;600;0,17;0,16;0,9;3;75;200
6,5;5,1;7;1,7;1,5;4,5;10,8;9,5;15,5;0,14;0,2;0,4;668;200;600;0,26;0,16;0,9;8;75;200
5,5;5,1;7;0,8;1,5;4,5;11,8;9,5;15,5;0,07;0,2;0,4;144;200;600;0,15;0,16;0,9;1;75;200
5,8;5,1;7;0,9;1,5;4,5;11,7;9,5;15,5;0,08;0,2;0,4;133;200;600;0,15;0,16;0,9;2;75;200
6,2;5,1;7;0,8;1,5;4,5;11,1;9,5;15,5;0,06;0,2;0,4;161;200;600;0,17;0,16;0,9;2;75;200
5,3;5,1;7;0,8;1,5;4,5;11;9,5;15,5;0,07;0,2;0,4;58;200;600;0,15;0,16;0,9;1;75;200
5,1;5,1;7;1,1;1,5;4,5;11,1;9,5;15,5;0,09;0,2;0,4;233;200;600;0,18;0,16;0,9;1;75;200
5,5;5,1;7;0,6;1,5;4,5;12;9,5;15,5;0,06;0,2;0,4;68;200;600;0,1;0,16;0,9;1;75;200
5,8;5,1;7;0,8;1,5;4,5;10,4;9,5;15,5;0,07;0,2;0,4;169;200;600;0,17;0,16;0,9;1;75;200
5,7;5,1;7;0,6;1,5;4,5;12,2;9,5;15,5;0,06;0,2;0,4;93;200;600;0,11;0,16;0,9;1;75;200
5,8;5,1;7;1;1,5;4,5;10,7;9,5;15,5;0,09;0,2;0,4;82;200;600;0,14;0,16;0,9;2;75;200
5,9;5,1;7;0,6;1,5;4,5;9,9;9,5;15,5;0,06;0,2;0,4;49;200;600;0,13;0,16;0,9;2;75;200
5,7;5,1;7;0,7;1,5;4,5;12,3;9,5;15,5;0,06;0,2;0,4;103;200;600;0,12;0,16;0,9;1;75;200
6,4;5,1;7;2;1,5;4,5;12,1;9,5;15,5;0,17;0,2;0,4;280;200;600;0,26;0,16;0,9;9;75;200
5,9;5,1;7;0,7;1,5;4,5;12,1;9,5;15,5;0,05;0,2;0,4;80;200;600;0,14;0,16;0,9;1;75;200
5,8;5,1;7;1;1,5;4,5;12,8;9,5;15,5;0,07;0,2;0,4;97;200;600;0,16;0,16;0,9;1;75;200
5,9;5,1;7;0,6;1,5;4,5;11,8;9,5;15,5;0,05;0,2;0,4;22;200;600;0,12;0,16;0,9;1;75;200
6,4;5,1;7;1,3;1,5;4,5;12,3;9,5;15,5;0,11;0,2;0,4;144;200;600;0,22;0,16;0,9;3;75;200
6,8;5,1;7;1,4;1,5;4,5;14,7;9,5;15,5;0,11;0,2;0,4;190;200;600;0,24;0,16;0,9;6;75;200
6,1;5,1;7;0,9;1,5;4,5;10,8;9,5;15,5;0,07;0,2;0,4;151;200;600;0,19;0,16;0,9;1;75;200
6,4;5,1;7;1,4;1,5;4,5;10,7;9,5;15,5;0,11;0,2;0,4;173;200;600;0,25;0,16;0,9;4;75;200
6,2;5,1;7;0,8;1,5;4,5;13,6;9,5;15,5;0,06;0,2;0,4;77;200;600;0,17;0,16;0,9;1;75;200
6,1;5,1;7;0,6;1,5;4,5;12,6;9,5;15,5;0,06;0,2;0,4;19;200;600;0,15;0,16;0,9;1;75;200
6;5,1;7;1,2;1,5;4,5;12,4;9,5;15,5;0,1;0,2;0,4;74;200;600;0,22;0,16;0,9;1;75;200
6;5,1;7;1,7;1,5;4,5;11,6;9,5;15,5;0,14;0,2;0,4;264;200;600;0,28;0,16;0,9;4;75;200
6,4;5,1;7;1,5;1,5;4,5;10,5;9,5;15,5;0,12;0,2;0,4;221;200;600;0,23;0,16;0,9;2;75;200
6,1;5,1;7;1,3;1,5;4,5;11,5;9,5;15,5;0,11;0,2;0,4;321;200;600;0,23;0,16;0,9;2;75;200
5,5;5,1;7;0,9;1,5;4,5;13,8;9,5;15,5;0,07;0,2;0,4;213;200;600;0,14;0,16;0,9;1;75;200
6,6;5,1;7;1,9;1,5;4,5;13;9,5;15,5;0,15;0,2;0,4;339;200;600;0,29;0,16;0,9;7;75;200
6,4;5,1;7;0,8;1,5;4,5;11;9,5;15,5;0,07;0,2;0,4;101;200;600;0,18;0,16;0,9;2;75;200
5,9;5,1;7;1,3;1,5;4,5;13,1;9,5;15,5;0,11;0,2;0,4;200;200;600;0,2;0,16;0,9;2;75;200
5,6;5,1;7;0,7;1,5;4,5;12,1;9,5;15,5;0,07;0,2;0,4;116;200;600;0,12;0,16;0,9;1;75;200
6,7;5,1;7;1,7;1,5;4,5;10,7;9,5;15,5;0,18;0,2;0,4;406;200;600;0,29;0,16;0,9;7;75;200
5,7;5,1;7;1,4;1,5;4,5;10,9;9,5;15,5;0,13;0,2;0,4;380;200;600;0,19;0,16;0,9;2;75;200
6,2;5,1;7;1,3;1,5;4,5;12,1;9,5;15,5;0,09;0,2;0,4;189;200;600;0,2;0,16;0,9;2;75;200
6,4;5,1;7;1,1;1,5;4,5;10,5;9,5;15,5;0,09;0,2;0,4;222;200;600;0,21;0,16;0,9;3;75;200
6,2;5,1;7;1;1,5;4,5;13,3;9,5;15,5;0,08;0,2;0,4;284;200;600;0,2;0,16;0,9;4;75;200
6;5,1;7;0,6;1,5;4,5;12,5;9,5;15,5;0,04;0,2;0,4;69;200;600;0,15;0,16;0,9;1;75;200
7,2;5,1;7;2,3;1,5;4,5;10,8;9,5;15,5;0,21;0,2;0,4;413;200;600;0,33;0,16;0,9;11;75;200
6,1;5,1;7;0,7;1,5;4,5;11,3;9,5;15,5;0,08;0,2;0,4;40;200;600;0,21;0,16;0,9;2;75;200
6,4;5,1;7;1,6;1,5;4,5;10,7;9,5;15,5;0,14;0,2;0,4;229;200;600;0,23;0,16;0,9;4;75;200
5,9;5,1;7;1,1;1,5;4,5;10;9,5;15,5;0,1;0,2;0,4;406;200;600;0,11;0,16;0,9;4;75;200
6,5;5,1;7;1,5;1,5;4,5;9,7;9,5;15,5;0,15;0,2;0,4;566;200;600;0,15;0,16;0,9;8;75;200
6,1;5,1;7;1,2;1,5;4,5;10,6;9,5;15,5;0,12;0,2;0,4;242;200;600;0,2;0,16;0,9;6;75;200
6,2;5,1;7;1,8;1,5;4,5;9,6;9,5;15,5;0,18;0,2;0,4;229;200;600;0,26;0,16;0,9;7;75;200
6,3;5,1;7;1,2;1,5;4,5;10,9;9,5;15,5;0,11;0,2;0,4;451;200;600;0,14;0,16;0,9;6;75;200
6,3;5,1;7;1,8;1,5;4,5;10,3;9,5;15,5;0,17;0,2;0,4;316;200;600;0,14;0,16;0,9;6;75;200
7,1;5,1;7;1,7;1,5;4,5;9,7;9,5;15,5;0,17;0,2;0,4;539;200;600;0,33;0,16;0,9;13;75;200
6,6;5,1;7;1,9;1,5;4,5;10,1;9,5;15,5;0,14;0,2;0,4;504;200;600;0,29;0,16;0,9;8;75;200
7,2;5,1;7;2;1,5;4,5;9,7;9,5;15,5;0,18;0,2;0,4;613;200;600;0,27;0,16;0,9;8;75;200
6,2;5,1;7;1,4;1,5;4,5;10,3;9,5;15,5;0,12;0,2;0,4;533;200;600;0,17;0,16;0,9;5;75;200
6;5,1;7;1,2;1,5;4,5;9,8;9,5;15,5;0,1;0,2;0,4;497;200;600;0,14;0,16;0,9;4;75;200
6,4;5,1;7;1,2;1,5;4,5;10,7;9,5;15,5;0,11;0,2;0,4;348;200;600;0,19;0,16;0,9;5;75;200
5,6;5,1;7;0,9;1,5;4,5;9,1;9,5;15,5;0,09;0,2;0,4;391;200;600;0,12;0,16;0,9;2;75;200
5,8;5,1;7;0,7;1,5;4,5;10,7;9,5;15,5;0,06;0,2;0,4;126;200;600;0,14;0,16;0,9;2;75;200
6,8;5,1;7;1,9;1,5;4,5;9,1;9,5;15,5;0,17;0,2;0,4;589;200;600;0,29;0,16;0,9;13;75;200
5,5;5,1;7;0,8;1,5;4,5;10,4;9,5;15,5;0,06;0,2;0,4;192;200;600;0,17;0,16;0,9;2;75;200
6,2;5,1;7;1,6;1,5;4,5;10,2;9,5;15,5;0,16;0,2;0,4;281;200;600;0,26;0,16;0,9;5;75;200
6,5;5,1;7;1,7;1,5;4,5;9,6;9,5;15,5;0,15;0,2;0,4;392;200;600;0,26;0,16;0,9;8;75;200
6,1;5,1;7;1,1;1,5;4,5;10,2;9,5;15,5;0,09;0,2;0,4;349;200;600;0,14;0,16;0,9;6;75;200
5,8;5,1;7;0,9;1,5;4,5;11;9,5;15,5;0,08;0,2;0,4;97;200;600;0,11;0,16;0,9;2;75;200
6,2;5,1;7;1,5;1,5;4,5;8,9;9,5;15,5;0,12;0,2;0,4;428;200;600;0,27;0,16;0,9;10;75;200
6,7;5,1;7;1,9;1,5;4,5;9,5;9,5;15,5;0,16;0,2;0,4;482;200;600;0,29;0,16;0,9;8;75;200
6,9;5,1;7;1,6;1,5;4,5;10,1;9,5;15,5;0,14;0,2;0,4;555;200;600;0,21;0,16;0,9;10;75;200
6,1;5,1;7;0,9;1,5;4,5;9,3;9,5;15,5;0,07;0,2;0,4;372;200;600;0,18;0,16;0,9;3;75;200
6,4;5,1;7;1,4;1,5;4,5;9,9;9,5;15,5;0,12;0,2;0,4;559;200;600;0,25;0,16;0,9;5;75;200
5,9;5,1;7;1,1;1,5;4,5;11,5;9,5;15,5;0,1;0,2;0,4;299;200;600;0,12;0,16;0,9;2;75;200
5,6;5,1;7;1,8;1,5;4,5;11,7;9,5;15,5;0,14;0,2;0,4;169;200;600;0,26;0,16;0,9;2;75;200
6,7;5,1;7;1,7;1,5;4,5;10,9;9,5;15,5;0,17;0,2;0,4;439;200;600;0,25;0,16;0,9;9;75;200
6,5;5,1;7;0,9;1,5;4,5;11,3;9,5;15,5;0,09;0,2;0,4;103;200;600;0,2;0,16;0,9;3;75;200
5,9;5,1;7;0,7;1,5;4,5;13;9,5;15,5;0,06;0,2;0,4;25;200;600;0,15;0,16;0,9;1;75;200
5,4;5,1;7;0,8;1,5;4,5;13,6;9,5;15,5;0,07;0,2;0,4;19;200;600;0,13;0,16;0,9;1;75;200
5,8;5,1;7;0,4;1,5;4,5;14,7;9,5;15,5;0,03;0,2;0,4;10;200;600;0,11;0,16;0,9;1;75;200
5,3;5,1;7;1,5;1,5;4,5;11;9,5;15,5;0,12;0,2;0,4;224;200;600;0,19;0,16;0,9;1;75;200
6,4;5,1;7;2,2;1,5;4,5;10,4;9,5;15,5;0,18;0,2;0,4;516;200;600;0,3;0,16;0,9;7;75;200
5,4;5,1;7;1;1,5;4,5;11,1;9,5;15,5;0,1;0,2;0,4;384;200;600;0,18;0,16;0,9;1;75;200
6,1;5,1;7;1,6;1,5;4,5;10,2;9,5;15,5;0,15;0,2;0,4;248;200;600;0,22;0,16;0,9;4;75;200
5,5;5,1;7;1,1;1,5;4,5;11,8;9,5;15,5;0,1;0,2;0,4;116;200;600;0,18;0,16;0,9;1;75;200
6,2;5,1;7;1,8;1,5;4,5;10;9,5;15,5;0,16;0,2;0,4;165;200;600;0,22;0,16;0,9;3;75;200
5,9;5,1;7;0,9;1,5;4,5;11,5;9,5;15,5;0,08;0,2;0,4;252;200;600;0,16;0,16;0,9;1;75;200
6,1;5,1;7;2,2;1,5;4,5;11;9,5;15,5;0,19;0,2;0,4;390;200;600;0,31;0,16;0,9;4;75;200
5,6;5,1;7;0,7;1,5;4,5;11,9;9,5;15,5;0,05;0,2;0,4;315;200;600;0,16;0,16;0,9;1;75;200
5,9;5,1;7;2,3;1,5;4,5;10,7;9,5;15,5;0,19;0,2;0,4;275;200;600;0,29;0,16;0,9;5;75;200
6,1;5,1;7;0,7;1,5;4,5;13,7;9,5;15,5;0,06;0,2;0,4;44;200;600;0,15;0,16;0,9;1;75;200
6,5;5,1;7;1,7;1,5;4,5;11,4;9,5;15,5;0,14;0,2;0,4;384;200;600;0,23;0,16;0,9;7;75;200
6,4;5,1;7;2;1,5;4,5;12,5;9,5;15,5;0,14;0,2;0,4;74;200;600;0,22;0,16;0,9;4;75;200
6,3;5,1;7;0,6;1,5;4,5;15,9;9,5;15,5;0,05;0,2;0,4;67;200;600;0,16;0,16;0,9;1;75;200
6;5,1;7;1,2;1,5;4,5;12,6;9,5;15,5;0,1;0,2;0,4;128;200;600;0,19;0,16;0,9;1;75;200
5,6;5,1;7;0,7;1,5;4,5;13,9;9,5;15,5;0,06;0,2;0,4;27;200;600;0,15;0,16;0,9;1;75;200
5,9;5,1;7;0,9;1,5;4,5;11,9;9,5;15,5;0,09;0,2;0,4;227;200;600;0,19;0,16;0,9;2;75;200
5,1;5,1;7;1,1;1,5;4,5;11,8;9,5;15,5;0,08;0,2;0,4;348;200;600;0,17;0,16;0,9;1;75;200
5,5;5,1;7;1,2;1,5;4,5;12;9,5;15,5;0,09;0,2;0,4;344;200;600;0,17;0,16;0,9;1;75;200
6,3;5,1;7;1,3;1,5;4,5;15,8;9,5;15,5;0,1;0,2;0,4;110;200;600;0,2;0,16;0,9;2;75;200
7,5;5,1;7;9;1,5;4,5;12,3;9,5;15,5;0,67;0,2;0,4;986;200;600;0,56;0,16;0,9;1;75;200
6,1;5,1;7;0,5;1,5;4,5;13,5;9,5;15,5;0,03;0,2;0,4;57;200;600;0,14;0,16;0,9;1;75;200
5,8;5,1;7;2,2;1,5;4,5;13,3;9,5;15,5;0,18;0,2;0,4;317;200;600;0,28;0,16;0,9;1;75;200
5,6;5,1;7;0,5;1,5;4,5;12,5;9,5;15,5;0,04;0,2;0,4;10;200;600;0,11;0,16;0,9;1;75;200
5,9;5,1;7;1,3;1,5;4,5;9,8;9,5;15,5;0,12;0,2;0,4;149;200;600;0,25;0,16;0,9;2;75;200
5,9;5,1;7;0,5;1,5;4,5;9,7;9,5;15,5;0,06;0,2;0,4;31;200;600;0,13;0,16;0,9;1;75;200
6,3;5,1;7;1,8;1,5;4,5;11,2;9,5;15,5;0,16;0,2;0,4;175;200;600;0,28;0,16;0,9;4;75;200
5,6;5,1;7;0,9;1,5;4,5;11,6;9,5;15,5;0,07;0,2;0,4;131;200;600;0,14;0,16;0,9;1;75;200
6,1;5,1;7;0,6;1,5;4,5;11,9;9,5;15,5;0,05;0,2;0,4;119;200;600;0,14;0,16;0,9;1;75;200
5,9;5,1;7;0,6;1,5;4,5;11,2;9,5;15,5;0,06;0,2;0,4;56;200;600;0,13;0,16;0,9;1;75;200
6;5,1;7;0,6;1,5;4,5;11,1;9,5;15,5;0,06;0,2;0,4;121;200;600;0,14;0,16;0,9;1;75;200
6,4;5,1;7;0,5;1,5;4,5;9,9;9,5;15,5;0,04;0,2;0,4;20;200;600;0,13;0,16;0,9;1;75;200
5,4;5,1;7;1,3;1,5;4,5;11,7;9,5;15,5;0,13;0,2;0,4;638;200;600;0,17;0,16;0,9;1;75;200
6,2;5,1;7;0,9;1,5;4,5;12,4;9,5;15,5;0,08;0,2;0,4;167;200;600;0,19;0,16;0,9;3;75;200
6,3;5,1;7;0,4;1,5;4,5;12,3;9,5;15,5;0,03;0,2;0,4;26;200;600;0,1;0,16;0,9;2;75;200
6,1;5,1;7;0,9;1,5;4,5;11,8;9,5;15,5;0,08;0,2;0,4;185;200;600;0,19;0,16;0,9;3;75;200
5,7;5,1;7;0,8;1,5;4,5;12,5;9,5;15,5;0,07;0,2;0,4;169;200;600;0,17;0,16;0,9;1;75;200
6,3;5,1;7;0,6;1,5;4,5;11,8;9,5;15,5;0,05;0,2;0,4;23;200;600;0,17;0,16;0,9;1;75;200
5,7;5,1;7;0,5;1,5;4,5;11,3;9,5;15,5;0,04;0,2;0,4;193;200;600;0,12;0,16;0,9;1;75;200
6,1;5,1;7;2,6;1,5;4,5;10;9,5;15,5;0,26;0,2;0,4;423;200;600;0,31;0,16;0,9;8;75;200
6,3;5,1;7;0,6;1,5;4,5;9;9,5;15,5;0,06;0,2;0,4;39;200;600;0,16;0,16;0,9;2;75;200
7,2;5,1;7;0,6;1,5;4,5;12,4;9,5;15,5;0,04;0,2;0,4;250;200;600;0,18;0,16;0,9;1;75;200
5,9;5,1;7;1,2;1,5;4,5;10,2;9,5;15,5;0,11;0,2;0,4;369;200;600;0,19;0,16;0,9;1;75;200
6,2;5,1;7;0,6;1,5;4,5;11;9,5;15,5;0,04;0,2;0,4;176;200;600;0,11;0,16;0,9;1;75;200
5,8;5,1;7;1;1,5;4,5;12,7;9,5;15,5;0,1;0,2;0,4;64;200;600;0,16;0,16;0,9;1;75;200
5,7;5,1;7;0,6;1,5;4,5;12;9,5;15,5;0,05;0,2;0,4;48;200;600;0,15;0,16;0,9;1;75;200
5,9;5,1;7;1;1,5;4,5;12,7;9,5;15,5;0,09;0,2;0,4;28;200;600;0,21;0,16;0,9;2;75;200
6,1;5,1;7;2,1;1,5;4,5;11,8;9,5;15,5;0,19;0,2;0,4;407;200;600;0,3;0,16;0,9;4;75;200
6;5,1;7;0,5;1,5;4,5;12;9,5;15,5;0,04;0,2;0,4;10;200;600;0,13;0,16;0,9;1;75;200
6,4;5,1;7;1,1;1,5;4,5;12;9,5;15,5;0,1;0,2;0,4;216;200;600;0,26;0,16;0,9;5;75;200
6,6;5,1;7;0,7;1,5;4,5;11;9,5;15,5;0,07;0,2;0,4;48;200;600;0,18;0,16;0,9;4;75;200
